ID,YEAR,TITLE
0,2000,Mission: Impossible II
1,2000,Gladiator
2,2000,Cast Away
3,2000,What Women Want
4,2000,Dinosaur
5,2000,How the Grinch Stole Christmas
6,2000,Meet the Parents
7,2000,The Perfect Storm
8,2000,X-Men
9,2000,What Lies Beneath
10,2000,Scary Movie
11,2000,Charlie's Angels
12,2000,Unbreakable
13,2000,Gone in 60 Seconds
14,2000,Chicken Run
15,2000,Vertical Limit
16,2000,The Patriot
17,2000,"Crouching Tiger, Hidden Dragon"
18,2000,Miss Congeniality
19,2000,Traffic
20,2000,Hollow Man
21,2000,102 Dalmatians
22,2000,Big Momma's House
23,2000,The Emperor's New Groove
24,2000,Nutty Professor II: The Klumps
25,2000,Scream 3
26,2000,Chocolat
27,2000,"Me, Myself & Irene"
28,2000,The Beach
29,2000,Erin Brockovich
30,2000,Remember the Titans
31,2000,Pokémon the Movie 2000
32,2000,Space Cowboys
33,2000,U-571
34,2000,The Family Man
35,2000,Road Trip
36,2000,Coyote Ugly
37,2000,Final Destination
38,2000,The Exorcist 2000 Director's Cut
39,2000,Mission to Mars
40,2000,The Kid
41,2000,Billy Elliot
42,2000,Shaft
43,2000,The Whole Nine Yards
44,2000,The Cell
45,2000,Rugrats in Paris
46,2000,Shanghai Noon
47,2000,The Tigger Movie
48,2000,The 6th Day
49,2000,Romeo Must Die
50,2000,Fantasia 2000
51,2000,Autumn in New York
52,2000,Bring It On
53,2000,Bedazzled
54,2000,Snatch
55,2000,Men of Honor
56,2000,Finding Forrester
57,2000,The Road to El Dorado
58,2000,"Dude, Where's My Car?"
59,2000,"O Brother, Where Art Thou?"
60,2000,Rules of Engagement
61,2000,Frequency
62,2000,Thirteen Days
63,2000,Proof of Life
64,2000,Snow Day
65,2000,28 Days
66,2000,Taxi 2
67,2000,Keeping the Faith
68,2000,Next Friday
69,2000,The Flintstones in Viva Rock Vegas
70,2000,Little Nicky
71,2000,Pay It Forward
72,2000,Bounce
73,2000,Pitch Black
74,2000,Hanging Up
75,2000,The Skulls
76,2000,The Replacements
77,2000,Book of Shadows: Blair Witch 2
78,2000,Almost Famous
79,2000,The Watcher
80,2000,High Fidelity
81,2000,Dracula 2000
82,2000,The Gift
83,2000,Where the Heart Is
84,2000,Bless the Child
85,2000,The Art of War
86,2000,Dancer in the Dark
87,2000,The Legend of Bagger Vance
88,2000,Urban Legends: Final Cut
89,2000,The Original Kings of Comedy
90,2000,Titan A.E.
91,2000,Return to Me
92,2000,My Dog Skip
93,2000,The Adventures of Rocky & Bullwinkle
94,2000,American Psycho
95,2000,Dungeons & Dragons
96,2000,Red Planet
97,2000,Wonder Boys
98,2000,Reindeer Games
99,2000,Lost Souls
100,2000,Small Time Crooks
101,2000,Battlefield Earth
102,2000,Nurse Betty
103,2000,Boiler Room
104,2000,The Little Vampire
105,2000,Love & Basketball
106,2000,Cirque du Soleil: Journey of Man
107,2000,Center Stage
108,2000,Saving Grace
109,2000,Boys and Girls
110,2000,Down to You
111,2000,The Next Best Thing
112,2000,Dr. T & the Women
113,2000,The Contender
114,2000,Michael Jordan to the Max
115,2000,Best in Show
116,2000,Thomas and the Magic Railroad
117,2000,Get Carter
118,2000,The Ninth Gate
119,2000,Loser
120,2001,Harry Potter and the Sorcerer's Stone
121,2001,The Lord of the Rings: The Fellowship of the Ring
122,2001,"Monsters, Inc."
123,2001,Shrek
124,2001,Ocean's Eleven
125,2001,Pearl Harbor
126,2001,The Mummy Returns
127,2001,Jurassic Park III
128,2001,Planet of the Apes
129,2001,Hannibal
130,2001,Rush Hour 2
131,2001,A Beautiful Mind
132,2001,American Pie 2
133,2001,Bridget Jones's Diary
134,2001,Spirited Away
135,2001,Lara Croft: Tomb Raider
136,2001,A.I. Artificial Intelligence
137,2001,The Others
138,2001,The Fast and the Furious
139,2001,Vanilla Sky
140,2001,Cats & Dogs
141,2001,Atlantis: The Lost Empire
142,2001,Moulin Rouge!
143,2001,Dr. Dolittle 2
144,2001,Amélie
145,2001,Black Hawk Down
146,2001,The Princess Diaries
147,2001,Spy Kids
148,2001,The Mexican
149,2001,Swordfish
150,2001,Spy Game
151,2001,Legally Blonde
152,2001,Scary Movie 2
153,2001,Shallow Hal
154,2001,America's Sweethearts
155,2001,Save the Last Dance
156,2001,A Knight's Tale
157,2001,The Score
158,2001,Along Came a Spider
159,2001,Training Day
160,2001,Jimmy Neutron: Boy Genius
161,2001,Don't Say a Word
162,2001,Evolution
163,2001,I Am Sam
164,2001,Enemy at the Gates
165,2001,The Wedding Planner
166,2001,Behind Enemy Lines
167,2001,Gosford Park
168,2001,Ali
169,2001,Rat Race
170,2001,Final Fantasy: The Spirits Within
171,2001,The Animal
172,2001,Blow
173,2001,Exit Wounds
174,2001,Serendipity
175,2001,Kate & Leopold
176,2001,Manitou's Shoe
177,2001,From Hell
178,2001,The One
179,2001,The Royal Tenenbaums
180,2001,Down to Earth
181,2001,Brotherhood of the Wolf
182,2001,Thir13en Ghosts
183,2001,Pokémon 3 the Movie: Spell of the Unown
184,2001,Bandits
185,2001,Not Another Teen Movie
186,2001,Sweet November
187,2001,K-PAX
188,2001,Kiss of the Dragon
189,2001,Captain Corelli's Mandolin
190,2001,Zoolander
191,2001,The Crimson Rivers
192,2001,Jeepers Creepers
193,2001,Heartbreakers
194,2001,15 Minutes
195,2001,Driven
196,2001,Domestic Disturbance
197,2001,The Closet
198,2001,Monster's Ball
199,2001,Recess: School's Out
200,2001,Hardball
201,2001,In the Bedroom
202,2001,See Spot Run
203,2001,Shaolin Soccer
204,2001,Black Knight
205,2001,Memento
206,2001,Crocodile Dundee in Los Angeles
207,2001,Haunted Castle
208,2001,Someone Like You
209,2001,What's the Worst That Could Happen?
210,2001,The Majestic
211,2001,Valentine
212,2001,Joy Ride
213,2001,Riding in Cars with Boys
214,2001,Original Sin
215,2001,Jay and Silent Bob Strike Back
216,2001,Y tu mamá también
217,2001,The Musketeer
218,2001,Double Take
219,2001,How High
220,2001,Beauty and the Beast 2000 IMAX Release
221,2001,Joe Dirt
222,2001,Hearts in Atlantis
223,2001,Monsoon Wedding
224,2001,Angel Eyes
225,2001,The Pledge
226,2001,Baby Boy
227,2001,Heist
228,2001,The Tailor of Panama
229,2001,The Brothers
230,2001,The Last Castle
231,2001,Saving Silverman
232,2001,Corky Romano
233,2001,The Shipping News
234,2001,Joe Somebody
235,2001,Nowhere in Africa
236,2001,Tanguy
237,2001,Life as a House
238,2001,The Glass House
239,2001,Tomcats
240,2002,The Lord of the Rings: The Two Towers
241,2002,Harry Potter and the Chamber of Secrets
242,2002,Spider-Man
243,2002,Star Wars: Episode II - Attack of the Clones
244,2002,Men in Black II
245,2002,Die Another Day
246,2002,Signs
247,2002,Ice Age
248,2002,My Big Fat Greek Wedding
249,2002,Minority Report
250,2002,Catch Me If You Can
251,2002,Chicago
252,2002,Austin Powers in Goldmember
253,2002,xXx
254,2002,Scooby-Doo
255,2002,Lilo & Stitch
256,2002,The Ring
257,2002,8 Mile
258,2002,The Bourne Identity
259,2002,Red Dragon
260,2002,Two Weeks Notice
261,2002,Panic Room
262,2002,The Sum of All Fears
263,2002,Gangs of New York
264,2002,Road to Perdition
265,2002,Sweet Home Alabama
266,2002,The Scorpion King
267,2002,Hero
268,2002,The Santa Clause 2
269,2002,Mr. Deeds
270,2002,Stuart Little 2
271,2002,Blade II
272,2002,Maid in Manhattan
273,2002,About a Boy
274,2002,Space Station 3D
275,2002,The Time Machine
276,2002,Spirit: Stallion of the Cimarron
277,2002,The Pianist
278,2002,Spy Kids 2: Island of Lost Dreams
279,2002,Unfaithful
280,2002,Snow Dogs
281,2002,We Were Soldiers
282,2002,Insomnia
283,2002,Return to Never Land
284,2002,Treasure Planet
285,2002,The Hours
286,2002,Asterix & Obelix: Mission Cleopatra
287,2002,About Schmidt
288,2002,The Tuxedo
289,2002,Resident Evil
290,2002,John Q
291,2002,40 Days and 40 Nights
292,2002,Changing Lanes
293,2002,Reign of Fire
294,2002,The Rookie
295,2002,Jackass: The Movie
296,2002,Collateral Damage
297,2002,Showtime
298,2002,Windtalkers
299,2002,Barbershop
300,2002,Bend It Like Beckham
301,2002,The Count of Monte Cristo
302,2002,Divine Secrets of the Ya-Ya Sisterhood
303,2002,28 Days Later
304,2002,E.T. the Extra-Terrestrial 20th Anniversary
305,2002,The Sweetest Thing
306,2002,Ghost Ship
307,2002,Star Trek: Nemesis
308,2002,Bad Company
309,2002,K-19: The Widowmaker
310,2002,High Crimes
311,2002,Like Mike
312,2002,Crossroads
313,2002,The Wild Thornberrys
314,2002,Bowling for Columbine
315,2002,Drumline
316,2002,Murder by Numbers
317,2002,Frida
318,2002,The Mothman Prophecies
319,2002,Analyze That
320,2002,The Hot Chick
321,2002,The Cat Returns
322,2002,Big Fat Liar
323,2002,Dragonfly
324,2002,One Hour Photo
325,2002,Blue Crush
326,2002,Enough
327,2002,I Spy
328,2002,Talk to Her 2002 Re-release
329,2002,A Walk to Remember
330,2002,Eight Legged Freaks
331,2002,Queen of the Damned
332,2002,The Transporter
333,2002,The Master of Disguise
334,2002,Orange County
335,2002,8 Women
336,2002,Undercover Brother
337,2002,Pinocchio
338,2002,Clockstoppers
339,2002,Van Wilder
340,2002,The Banger Sisters
341,2002,Halloween: Resurrection
342,2002,Swimfan
343,2002,Darkness
344,2002,Friday After Next
345,2002,The Crocodile Hunter: Collision Course
346,2002,Confessions of a Dangerous Mind
347,2002,Adaptation.
348,2002,Hart's War
349,2002,Blood Work
350,2002,The New Guy
351,2002,City of God
352,2002,Solaris
353,2002,The Four Feathers
354,2002,City by the Sea
355,2002,Christmas on the Nile
356,2002,Far from Heaven
357,2002,Family Honor
358,2002,Brown Sugar
359,2002,The Spanish Apartment
360,2003,The Lord of the Rings: The Return of the King
361,2003,Finding Nemo
362,2003,The Matrix Reloaded
363,2003,Pirates of the Caribbean: The Curse of the Black Pearl
364,2003,Bruce Almighty
365,2003,The Last Samurai
366,2003,Terminator 3: Rise of the Machines
367,2003,The Matrix Revolutions
368,2003,X2: X-Men United
369,2003,Bad Boys II
370,2003,Something's Gotta Give
371,2003,Charlie's Angels: Full Throttle
372,2003,The Village
373,2003,Brother Bear
374,2003,Hulk
375,2003,Love Actually
376,2003,2 Fast 2 Furious
377,2003,American Wedding
378,2003,Scary Movie 3
379,2003,Elf
380,2003,Master and Commander: The Far Side of the World
381,2003,S.W.A.T.
382,2003,Spy Kids 3: Game Over
383,2003,Anger Management
384,2003,Cheaper by the Dozen
385,2003,The Haunted Mansion
386,2003,Kill Bill: Vol. 1
387,2003,The League of Extraordinary Gentlemen
388,2003,Daredevil
389,2003,How to Lose a Guy in 10 Days
390,2003,The Italian Job
391,2003,Cold Mountain
392,2003,Bringing Down the House
393,2003,Daddy Day Care
394,2003,Freaky Friday
395,2003,Johnny English
396,2003,Lara Croft: Tomb Raider - The Cradle of Life
397,2003,Mystic River
398,2003,Bayside Shakedown 2
399,2003,Seabiscuit
400,2003,Gothika
401,2003,Mona Lisa Smile
402,2003,The Jungle Book 2
403,2003,The Cat in the Hat
404,2003,School of Rock
405,2003,"Legally Blonde 2: Red, White & Blonde"
406,2003,Big Fish
407,2003,Peter Pan
408,2003,Intolerable Cruelty
409,2003,Lost in Translation
410,2003,Paycheck
411,2003,Freddy vs. Jason
412,2003,The Texas Chainsaw Massacre
413,2003,Just Married
414,2003,The Recruit
415,2003,Once Upon a Time in Mexico
416,2003,Phone Booth
417,2003,Underworld
418,2003,Calendar Girls
419,2003,Final Destination 2
420,2003,Identity
421,2003,Kangaroo Jack
422,2003,Shanghai Knights
423,2003,Old School
424,2003,Tears of the Sun
425,2003,Sinbad: Legend of the Seven Seas
426,2003,The Rundown
427,2003,Runaway Jury
428,2003,Good Bye Lenin!
429,2003,Bad Santa
430,2003,Dreamcatcher
431,2003,The Core
432,2003,Holes
433,2003,Looney Tunes: Back in Action
434,2003,Open Range
435,2003,Stuck on You
436,2003,Matchstick Men
437,2003,Taxi 3
438,2003,Jeepers Creepers 2
439,2003,Piglet's Big Movie
440,2003,Honey
441,2003,21 Grams
442,2003,Under the Tuscan Sun
443,2003,Agent Cody Banks
444,2003,Monster
445,2003,Cradle 2 the Grave
446,2003,The Lizzie McGuire Movie
447,2003,Out of Time
448,2003,Rugrats Go Wild
449,2003,Radio
450,2003,Hollywood Homicide
451,2003,What a Girl Wants
452,2003,The Jungle Book 2 2003 Re-release
453,2003,National Security
454,2003,Secondhand Lions
455,2003,Darkness Falls
456,2003,Torque
457,2003,The Hunted
458,2003,Good Boy
459,2003,Uptown Girls
460,2003,A Man Apart
461,2003,Timeline
462,2003,Basic
463,2003,Whale Rider
464,2003,Down with Love
465,2003,Dumb and Dumberer: When Harry Met Lloyd
466,2003,The Life of David Gale
467,2003,Head of State
468,2003,The Missing
469,2003,Bulletproof Monk
470,2003,Malibu's Most Wanted
471,2003,The Medallion
472,2003,The Fighting Temptations
473,2003,Pokémon: Jirachi - Wish Maker
474,2003,Girl with a Pearl Earring
475,2003,Suddenly Paradise
476,2003,The Blind Swordsman: Zatoichi
477,2003,Cabin Fever
478,2003,Laws of Attraction
479,2003,Luther
480,2004,Shrek 2
481,2004,Harry Potter and the Prisoner of Azkaban
482,2004,Spider-Man 2
483,2004,The Incredibles
484,2004,The Passion of the Christ
485,2004,The Day After Tomorrow
486,2004,Meet the Fockers
487,2004,Troy
488,2004,Shark Tale
489,2004,Ocean's Twelve
490,2004,"I, Robot"
491,2004,National Treasure
492,2004,Van Helsing
493,2004,The Bourne Supremacy
494,2004,The Polar Express
495,2004,Bridget Jones: The Edge of Reason
496,2004,Howl's Moving Castle
497,2004,Fahrenheit 9/11
498,2004,Collateral
499,2004,The Terminal
500,2004,Million Dollar Baby
501,2004,The Aviator
502,2004,A Series of Unfortunate Events
503,2004,King Arthur
504,2004,Garfield: The Movie
505,2004,50 First Dates
506,2004,The Grudge
507,2004,Scooby-Doo 2: Monsters Unleashed
508,2004,Along Came Polly
509,2004,Alien vs. Predator
510,2004,Starsky & Hutch
511,2004,Shall We Dance?
512,2004,Dodgeball: A True Underdog Story
513,2004,Alexander
514,2004,The Phantom of the Opera
515,2004,Kill Bill: Vol. 2
516,2004,Home on the Range
517,2004,The SpongeBob SquarePants Movie
518,2004,The Princess Diaries 2: Royal Engagement
519,2004,Blade: Trinity
520,2004,Man on Fire
521,2004,Mean Girls
522,2004,Resident Evil: Apocalypse
523,2004,Ray
524,2004,The Notebook
525,2004,The Forgotten
526,2004,Finding Neverland
527,2004,The Chronicles of Riddick
528,2004,Closer
529,2004,White Chicks
530,2004,Sideways
531,2004,Hidalgo
532,2004,The Stepford Wives
533,2004,Saw
534,2004,Dawn of the Dead
535,2004,Kung Fu Hustle
536,2004,Ladder 49
537,2004,Hellboy
538,2004,The Butterfly Effect
539,2004,Christmas with the Kranks
540,2004,13 Going on 30
541,2004,The Manchurian Candidate
542,2004,Secret Window
543,2004,House of Flying Daggers
544,2004,Downfall
545,2004,Anchorman: The Legend of Ron Burgundy
546,2004,Catwoman
547,2004,The Chorus
548,2004,Exorcist: The Beginning
549,2004,The Ladykillers
550,2004,(T)Raumschiff Surprise - Periode 1
551,2004,Crying Out Love in the Center of the World
552,2004,Without a Paddle
553,2004,Eternal Sunshine of the Spotless Mind
554,2004,Around the World in 80 Days
555,2004,Anacondas: The Hunt for the Blood Orchid
556,2004,Taxi Original Release
557,2004,A Cinderella Story
558,2004,Tae Guk Gi: The Brotherhood of War
559,2004,A Very Long Engagement
560,2004,Barbershop 2: Back in Business
561,2004,Taking Lives
562,2004,Miracle
563,2004,After the Sunset
564,2004,Two Brothers
565,2004,Friday Night Lights
566,2004,In Good Company
567,2004,Sky Captain and the World of Tomorrow
568,2004,Cellular
569,2004,The Motorcycle Diaries
570,2004,Seven Dwarves
571,2004,Walking Tall
572,2004,Spanglish
573,2004,The Punisher
574,2004,Open Water
575,2004,Team America: World Police
576,2004,You Got Served
577,2004,Raising Helen
578,2004,Fat Albert
579,2004,Be with You
580,2004,Napoleon Dynamite
581,2004,The Sea Inside
582,2004,Wimbledon
583,2004,Twisted
584,2004,Bad Education
585,2004,Crimson Rivers 2: Angels of the Apocalypse
586,2004,The Prince and Me
587,2004,Garden State
588,2004,Jersey Girl
589,2004,Alfie
590,2004,Flight of the Phoenix
591,2004,The Life Aquatic with Steve Zissou
592,2004,Pokémon the Movie: Destiny Deoxys
593,2004,Hotel Rwanda
594,2004,Confessions of a Teenage Drama Queen
595,2004,Night Watch
596,2004,Johnson Family Vacation
597,2004,The Girl Next Door
598,2004,Shaun of the Dead
599,2004,Godsend
600,2005,Harry Potter and the Goblet of Fire
601,2005,Star Wars: Episode III - Revenge of the Sith
602,2005,"The Chronicles of Narnia: The Lion, the Witch and the Wardrobe"
603,2005,War of the Worlds
604,2005,King Kong
605,2005,Madagascar
606,2005,Mr. & Mrs. Smith
607,2005,Charlie and the Chocolate Factory
608,2005,Batman Begins
609,2005,Hitch
610,2005,Fantastic Four
611,2005,Chicken Little
612,2005,Wedding Crashers
613,2005,Robots
614,2005,Constantine
615,2005,Flightplan
616,2005,Kingdom of Heaven
617,2005,Fun with Dick and Jane
618,2005,The Pacifier
619,2005,Wallace & Gromit: The Curse of the Were-Rabbit
620,2005,The Longest Yard
621,2005,Walk the Line
622,2005,Brokeback Mountain
623,2005,The 40-Year-Old Virgin
624,2005,The Ring Two
625,2005,The Island
626,2005,The Interpreter
627,2005,Memoirs of a Geisha
628,2005,Sin City
629,2005,Monster-in-Law
630,2005,Saw II
631,2005,The Exorcism of Emily Rose
632,2005,Herbie: Fully Loaded
633,2005,The Legend of Zorro
634,2005,Bewitched
635,2005,Munich
636,2005,Cheaper by the Dozen 2
637,2005,March of the Penguins
638,2005,Nanny McPhee
639,2005,Hide and Seek
640,2005,Pride & Prejudice
641,2005,Sahara
642,2005,Corpse Bride
643,2005,The Dukes of Hazzard
644,2005,Hoodwinked
645,2005,Cinderella Man
646,2005,The Amityville Horror
647,2005,The Brothers Grimm
648,2005,The Hitchhiker's Guide to the Galaxy
649,2005,Guess Who
650,2005,Just Like Heaven
651,2005,Miss Congeniality 2: Armed & Fabulous
652,2005,Crash
653,2005,Are We There Yet?
654,2005,Jarhead
655,2005,Red Eye
656,2005,Be Cool
657,2005,The Skeleton Key
658,2005,Syriana
659,2005,The Family Stone
660,2005,Four Brothers
661,2005,White Noise
662,2005,Racing Stripes
663,2005,Transporter 2
664,2005,Rumor Has It...
665,2005,Sky High
666,2005,Match Point
667,2005,In Her Shoes
668,2005,The Constant Gardener
669,2005,Stealth
670,2005,Hostage
671,2005,Coach Carter
672,2005,The King and the Clown
673,2005,"Yours, Mine & Ours"
674,2005,Lord of War
675,2005,The Adventures of Sharkboy and Lavagirl 3-D
676,2005,xXx: State of the Union
677,2005,House of Wax
678,2005,Prime
679,2005,Boogeyman
680,2005,Zathura: A Space Adventure
681,2005,Valiant
682,2005,A History of Violence
683,2005,Son of the Mask
684,2005,Must Love Dogs
685,2005,Doom
686,2005,Derailed
687,2005,The Descent
688,2005,Elektra
689,2005,Kicking & Screaming
690,2005,"Good Night, and Good Luck."
691,2005,Æon Flux
692,2005,Pooh's Heffalump Movie
693,2005,Elizabethtown
694,2005,Just Friends
695,2005,Unleashed
696,2005,Diary of a Mad Black Woman
697,2005,Fever Pitch
698,2005,Dark Water Original Release
699,2005,Capote
700,2005,Broken Flowers
701,2005,The Wedding Date
702,2005,Land of the Dead
703,2005,Get Rich or Die Tryin'
704,2005,The Fog
705,2005,Into the Blue
706,2005,Deuce Bigalow: European Gigolo
707,2005,A Lot Like Love
708,2005,Oliver Twist
709,2005,The Sisterhood of the Traveling Pants
710,2005,Serenity
711,2005,The Ringer
712,2005,Magnificent Desolation: Walking on the Moon
713,2005,Yamato
714,2005,Dreamer
715,2005,Always: Sunset on Third Street
716,2005,The Producers
717,2005,Casanova
718,2005,Pokémon: Lucario and the Mystery of Mew
719,2005,Beauty Shop
720,2006,Pirates of the Caribbean: Dead Man's Chest
721,2006,The Da Vinci Code
722,2006,Ice Age 2: The Meltdown
723,2006,Casino Royale
724,2006,Night at the Museum
725,2006,Cars
726,2006,X-Men: The Last Stand
727,2006,Mission: Impossible III
728,2006,Superman Returns
729,2006,Happy Feet
730,2006,Over the Hedge
731,2006,The Devil Wears Prada
732,2006,The Pursuit of Happyness
733,2006,The Departed
734,2006,Borat
735,2006,Eragon
736,2006,Click
737,2006,The Break-Up
738,2006,The Holiday
739,2006,Open Season
740,2006,Inside Man
741,2006,Poseidon
742,2006,Deja Vu
743,2006,Flushed Away
744,2006,Scary Movie 4
745,2006,Blood Diamond
746,2006,Saw III
747,2006,The Pink Panther
748,2006,Miami Vice
749,2006,Talladega Nights: The Ballad of Ricky Bobby
750,2006,World Trade Center
751,2006,The Fast and the Furious: Tokyo Drift
752,2006,Rocky Balboa
753,2006,Dreamgirls
754,2006,Charlotte's Web
755,2006,Garfield: A Tail of Two Kitties
756,2006,Monster House
757,2006,Big Momma's House 2
758,2006,Babel
759,2006,Perfume: The Story of a Murderer
760,2006,V for Vendetta
761,2006,"You, Me and Dupree"
762,2006,Failure to Launch
763,2006,The Queen
764,2006,Apocalypto
765,2006,Eight Below
766,2006,The Omen
767,2006,Final Destination 3
768,2006,Barnyard
769,2006,The Lake House
770,2006,Step Up
771,2006,Underworld: Evolution
772,2006,The Santa Clause 3: The Escape Clause
773,2006,The Prestige
774,2006,Arthur and the Invisibles
775,2006,Little Man
776,2006,The Wild
777,2006,Little Miss Sunshine
778,2006,Silent Hill
779,2006,The Good Shepherd
780,2006,Nacho Libre
781,2006,Deep Sea
782,2006,The Guardian
783,2006,The Host
784,2006,The Illusionist
785,2006,RV
786,2006,The Shaggy Dog
787,2006,Date Movie
788,2006,Volver
789,2006,Jackass Number Two
790,2006,French Fried Vacation 3: Friends Forever
791,2006,Pan's Labyrinth
792,2006,Firewall
793,2006,Hostel
794,2006,The Sentinel
795,2006,Curse of the Golden Flower
796,2006,The Lives of Others
797,2006,United 93
798,2006,Lady in the Water
799,2006,The Grudge 2
800,2006,Children of Men
801,2006,The Hills Have Eyes
802,2006,Curious George
803,2006,John Tucker Must Die
804,2006,Letters from Iwo Jima
805,2006,Tales from Earthsea
806,2006,Fearless
807,2006,When a Stranger Calls
808,2006,Take the Lead
809,2006,Flags of Our Fathers
810,2006,16 Blocks
811,2006,The Benchwarmers
812,2006,Madea's Family Reunion
813,2006,Snakes on a Plane
814,2006,My Super Ex-Girlfriend
815,2006,Marie Antoinette
816,2006,Limit of Love: Umizaru
817,2006,Invincible
818,2006,She's the Man
819,2006,Lucky Number Slevin
820,2006,The Ant Bully
821,2006,Stranger Than Fiction
822,2006,The Texas Chainsaw Massacre: The Beginning
823,2006,Doomsday: The Sinking of Japan
824,2006,Notes on a Scandal
825,2006,An Inconvenient Truth
826,2006,The Black Dahlia
827,2006,The Last King of Scotland
828,2006,Suite Dreams
829,2006,Death Note: The Last Name
830,2006,Deck the Halls
831,2006,The Nativity Story
832,2006,We Are Marshall
833,2006,Last Holiday
834,2006,Glory Road
835,2006,Crank
836,2006,Man of the Year
837,2006,A Good Year
838,2006,200 Pounds Beauty
839,2006,Gridiron Gang
840,2007,Pirates of the Caribbean: At World's End
841,2007,Harry Potter and the Order of the Phoenix
842,2007,Spider-Man 3
843,2007,Shrek the Third
844,2007,Transformers
845,2007,Ratatouille
846,2007,I Am Legend
847,2007,The Simpsons Movie
848,2007,National Treasure: Book of Secrets
849,2007,300
850,2007,The Bourne Ultimatum
851,2007,Live Free or Die Hard
852,2007,The Golden Compass
853,2007,Alvin and the Chipmunks
854,2007,Enchanted
855,2007,Ocean's Thirteen
856,2007,Fantastic Four: Rise of the Silver Surfer
857,2007,Bee Movie
858,2007,American Gangster
859,2007,Rush Hour 3
860,2007,Wild Hogs
861,2007,Juno
862,2007,Mr. Bean's Holiday
863,2007,Ghost Rider
864,2007,Knocked Up
865,2007,Hairspray
866,2007,Beowulf
867,2007,I Now Pronounce You Chuck & Larry
868,2007,Knowing
869,2007,The Bucket List
870,2007,Evan Almighty
871,2007,No Country for Old Men
872,2007,Superbad
873,2007,Meet the Robinsons
874,2007,Norbit
875,2007,P.S. I Love You
876,2007,Sweeney Todd: The Demon Barber of Fleet Street
877,2007,Surf's Up
878,2007,The Game Plan
879,2007,Resident Evil: Extinction
880,2007,Music and Lyrics
881,2007,Blades of Glory
882,2007,Saw IV
883,2007,Bridge to Terabithia
884,2007,Stardust
885,2007,1408
886,2007,Aliens vs. Predator: Requiem
887,2007,Atonement
888,2007,The Heartbreak Kid
889,2007,Charlie Wilson's War
890,2007,Disturbia
891,2007,Earth
892,2007,The Water Horse
893,2007,Hitman
894,2007,Fred Claus
895,2007,TMNT
896,2007,Shooter
897,2007,Michael Clayton
898,2007,No Reservations
899,2007,Fracture
900,2007,Epic Movie
901,2007,The Kingdom
902,2007,La Vie En Rose
903,2007,Zodiac
904,2007,Premonition
905,2007,Hannibal Rising
906,2007,Rabbit Without Ears
907,2007,Hot Fuzz
908,2007,Halloween
909,2007,The Orphanage
910,2007,The Number 23
911,2007,Next
912,2007,There Will Be Blood
913,2007,Elizabeth: The Golden Age
914,2007,30 Days of Night
915,2007,Stomp the Yard
916,2007,Dragon Wars: D-War
917,2007,The Kite Runner
918,2007,Perfect Stranger
919,2007,License to Wed
920,2007,3:10 to Yuma
921,2007,The Brave One
922,2007,Because I Said So
923,2007,Mr. Magorium's Wonder Emporium
924,2007,Dan in Real Life
925,2007,"Lust, Caution"
926,2007,August Rush
927,2007,Underdog
928,2007,Taxi 4
929,2007,28 Weeks Later
930,2007,Lions for Lambs
931,2007,The Reaping
932,2007,Good Luck Chuck
933,2007,Are We Done Yet?
934,2007,The Mist
935,2007,Smokin' Aces
936,2007,Into the Wild
937,2007,Eastern Promises
938,2007,Why Did I Get Married?
939,2007,The Irony of Fate 2
940,2007,We Own the Night
941,2007,The Messengers
942,2007,Sea Monsters: A Prehistoric Adventure
943,2007,This Christmas
944,2007,May 18
945,2007,Mr. Brooks
946,2007,The Nanny Diaries
947,2007,Death at a Funeral
948,2007,Freedom Writers
949,2007,The Warlords
950,2007,Pokémon: The Rise of Darkrai
951,2007,Always: Sunset on Third Street 2
952,2007,Balls of Fury
953,2007,Breach
954,2007,War
955,2007,The Invasion
956,2007,Om Shanti Om
957,2007,Happily N'Ever After
958,2007,The Hills Have Eyes 2
959,2007,Natale in crociera
960,2008,The Dark Knight
961,2008,Indiana Jones and the Kingdom of the Crystal Skull
962,2008,Kung Fu Panda
963,2008,Hancock
964,2008,Mamma Mia!
965,2008,Madagascar: Escape 2 Africa
966,2008,Quantum of Solace
967,2008,Iron Man
968,2008,WALL·E
969,2008,The Chronicles of Narnia: Prince Caspian
970,2008,Sex and the City
971,2008,Twilight
972,2008,The Mummy: Tomb of the Dragon Emperor
973,2008,Slumdog Millionaire
974,2008,Wanted
975,2008,The Curious Case of Benjamin Button
976,2008,Bolt
977,2008,Horton Hears a Who!
978,2008,Gran Torino
979,2008,"10,000 BC"
980,2008,The Incredible Hulk
981,2008,Marley & Me
982,2008,High School Musical 3: Senior Year
983,2008,Welcome to the Sticks
984,2008,Journey to the Center of the Earth
985,2008,The Day the Earth Stood Still
986,2008,Get Smart
987,2008,Taken
988,2008,Jumper
989,2008,Yes Man
990,2008,What Happens in Vegas
991,2008,Bedtime Stories
992,2008,Australia
993,2008,You Don't Mess with the Zohan
994,2008,Ponyo
995,2008,Valkyrie
996,2008,Tropic Thunder
997,2008,Eagle Eye
998,2008,Cloverfield
999,2008,Seven Pounds
1000,2008,Hellboy II: The Golden Army
1001,2008,The Spiderwick Chronicles
1002,2008,Four Christmases
1003,2008,Burn After Reading
1004,2008,The Happening
1005,2008,27 Dresses
1006,2008,21
1007,2008,Vantage Point
1008,2008,Step Up 2: The Streets
1009,2008,Beverly Hills Chihuahua
1010,2008,Asterix at the Olympic Games
1011,2008,Red Cliff
1012,2008,The Forbidden Kingdom
1013,2008,Step Brothers
1014,2008,Body of Lies
1015,2008,Saw V
1016,2008,Changeling
1017,2008,Rambo
1018,2008,Fool's Gold
1019,2008,Transporter 3
1020,2008,The Reader
1021,2008,Made of Honor
1022,2008,Forgetting Sarah Marshall
1023,2008,Pineapple Express
1024,2008,Nim's Island
1025,2008,Vicky Cristina Barcelona
1026,2008,Speed Racer
1027,2008,Role Models
1028,2008,Max Payne
1029,2008,The Tale of Despereaux
1030,2008,Meet the Spartans
1031,2008,Nights in Rodanthe
1032,2008,The Strangers
1033,2008,Righteous Kill
1034,2008,The Other Boleyn Girl
1035,2008,Mirrors
1036,2008,Death Race
1037,2008,Revolutionary Road
1038,2008,Boys Over Flowers: Final
1039,2008,Babylon A.D.
1040,2008,Superhero Movie
1041,2008,Hannah Montana and Miley Cyrus: Best of Both Worlds Concert
1042,2008,Departures
1043,2008,The House Bunny
1044,2008,The X Files: I Want to Believe
1045,2008,Star Wars: The Clone Wars
1046,2008,Street Kings
1047,2008,Space Chimps
1048,2008,The Bank Job
1049,2008,Baby Mama
1050,2008,Inkheart
1051,2008,The Eye
1052,2008,Prom Night
1053,2008,"Definitely, Maybe"
1054,2008,Suspect X
1055,2008,Milk
1056,2008,Untraceable
1057,2008,Doubt
1058,2008,College Road Trip
1059,2008,Meet Dave
1060,2008,Defiance
1061,2008,The Women
1062,2008,Drillbit Taylor
1063,2008,CJ7
1064,2008,The Hurt Locker
1065,2008,Shutter
1066,2008,Pokémon: Giratina and the Sky Warrior
1067,2008,One Missed Call
1068,2008,If You Are the One
1069,2008,The Wrestler
1070,2008,Lakeview Terrace
1071,2008,The Sisterhood of the Traveling Pants 2
1072,2008,"The Good, the Bad, the Weird"
1073,2008,Semi-Pro
1074,2008,"Welcome Home, Roscoe Jenkins"
1075,2008,Harold & Kumar Escape from Guantanamo Bay
1076,2008,The Duchess
1077,2008,Zack and Miri Make a Porno
1078,2008,Bangkok Dangerous
1079,2008,Meet the Browns
1080,2009,Avatar
1081,2009,Harry Potter and the Half-Blood Prince
1082,2009,Ice Age: Dawn of the Dinosaurs
1083,2009,Transformers: Revenge of the Fallen
1084,2009,2012
1085,2009,Up
1086,2009,The Twilight Saga: New Moon
1087,2009,Sherlock Holmes
1088,2009,Angels & Demons
1089,2009,The Hangover
1090,2009,Alvin and the Chipmunks: The Squeakquel
1091,2009,Night at the Museum: Battle of the Smithsonian
1092,2009,Star Trek
1093,2009,Monsters vs. Aliens
1094,2009,X-Men Origins: Wolverine
1095,2009,Terminator Salvation
1096,2009,Fast & Furious
1097,2009,Prince of Persia: The Sands of Time
1098,2009,A Christmas Carol
1099,2009,Inglourious Basterds
1100,2009,The Proposal
1101,2009,The Blind Side
1102,2009,G.I. Joe: The Rise of Cobra
1103,2009,G-Force
1104,2009,This Is It
1105,2009,The Princess and the Frog
1106,2009,Cloudy with a Chance of Meatballs
1107,2009,It's Complicated
1108,2009,Public Enemies
1109,2009,District 9
1110,2009,The Ugly Truth
1111,2009,Paranormal Activity
1112,2009,The Final Destination
1113,2009,Watchmen
1114,2009,Paul Blart: Mall Cop
1115,2009,He's Just Not That Into You
1116,2009,Couples Retreat
1117,2009,Up in the Air
1118,2009,Hannah Montana: The Movie
1119,2009,The Taking of Pelham 123
1120,2009,Brüno
1121,2009,17 Again
1122,2009,Julie & Julia
1123,2009,The Fighter
1124,2009,Law Abiding Citizen
1125,2009,Coraline
1126,2009,Surrogates
1127,2009,Invictus
1128,2009,Red Cliff II
1129,2009,Hotel for Dogs
1130,2009,Bride Wars
1131,2009,Confessions of a Shopaholic
1132,2009,Race to Witch Mountain
1133,2009,Planet 51
1134,2009,The Girl with the Dragon Tattoo
1135,2009,Zombieland
1136,2009,Ghosts of Girlfriends Past
1137,2009,The Time Traveler's Wife
1138,2009,My Bloody Valentine
1139,2009,Where the Wild Things Are
1140,2009,Old Dogs
1141,2009,My Sister's Keeper
1142,2009,Green Zone
1143,2009,The Lovely Bones
1144,2009,Underworld: Rise of the Lycans
1145,2009,"I Love You, Man"
1146,2009,Friday the 13th
1147,2009,Drag Me to Hell
1148,2009,Madea Goes to Jail
1149,2009,Rookies the Movie: Graduation
1150,2009,State of Play
1151,2009,Did You Hear About the Morgans?
1152,2009,Duplicity
1153,2009,Orphan
1154,2009,The Haunting in Connecticut
1155,2009,Fame
1156,2009,The Unborn
1157,2009,The Pink Panther 2
1158,2009,Obsessed
1159,2009,Funny People
1160,2009,Tidal Wave
1161,2009,The Men Who Stare at Goats
1162,2009,Land of the Lost
1163,2009,Saw VI
1164,2009,The Girl Who Played with Fire
1165,2009,Precious
1166,2009,Little Nicholas
1167,2009,Year One
1168,2009,The Imaginarium of Doctor Parnassus
1169,2009,Ninja Assassin
1170,2009,500 Days of Summer
1171,2009,3 Idiots
1172,2009,The International
1173,2009,Aliens in the Attic
1174,2009,Vicky the Viking
1175,2009,Under the Sea 3D
1176,2009,Dragonball Evolution
1177,2009,Nine
1178,2009,Arthur and the Revenge of Maltazard
1179,2009,Take Off
1180,2009,Pokémon: Arceus and the Jewel of Life
1181,2009,I Can Do Bad All by Myself
1182,2009,Coco Before Chanel
1183,2009,One Piece: Strong World
1184,2009,Push
1185,2009,9
1186,2009,20th Century Boys 3: Redemption
1187,2009,The Fourth Kind
1188,2009,Crazy Heart
1189,2009,Hachi: A Dog's Tale
1190,2009,Fantastic Mr. Fox
1191,2009,Rabbit Without Ears 2
1192,2009,The Last House on the Left
1193,2009,The Spy Next Door
1194,2009,Nodame Cantabile: The Movie II
1195,2009,Notorious
1196,2009,The Girl Who Kicked the Hornet's Nest
1197,2009,Brothers
1198,2009,The Informant!
1199,2009,The Uninvited
1200,2010,Toy Story 3
1201,2010,Alice in Wonderland
1202,2010,Harry Potter and the Deathly Hallows: Part 1
1203,2010,Inception
1204,2010,Shrek Forever After
1205,2010,The Twilight Saga: Eclipse
1206,2010,Iron Man 2
1207,2010,Tangled
1208,2010,Despicable Me
1209,2010,How to Train Your Dragon
1210,2010,Clash of the Titans
1211,2010,The Chronicles of Narnia: The Voyage of the Dawn Treader
1212,2010,The King's Speech
1213,2010,Tron: Legacy
1214,2010,The Karate Kid
1215,2010,Black Swan
1216,2010,Megamind
1217,2010,Robin Hood
1218,2010,The Last Airbender
1219,2010,Little Fockers
1220,2010,Resident Evil: Afterlife
1221,2010,Shutter Island
1222,2010,Salt
1223,2010,Sex and the City 2
1224,2010,The Tourist
1225,2010,The Expendables
1226,2010,Grown Ups
1227,2010,Knight and Day Original Release
1228,2010,True Grit
1229,2010,Gulliver's Travels
1230,2010,Percy Jackson & the Olympians: The Lightning Thief
1231,2010,The Social Network
1232,2010,Valentine's Day
1233,2010,The Sorcerer's Apprentice
1234,2010,Due Date
1235,2010,Eat Pray Love
1236,2010,Yogi Bear
1237,2010,RED
1238,2010,Paranormal Activity 2
1239,2010,The A-Team
1240,2010,Jackass 3D
1241,2010,The Other Guys
1242,2010,Unstoppable
1243,2010,Step Up 3D
1244,2010,The Book of Eli
1245,2010,The Town
1246,2010,Date Night
1247,2010,The Secret World of Arrietty
1248,2010,Legend of the Guardians: The Owls of Ga'Hoole
1249,2010,The Wolfman
1250,2010,The Bounty Hunter
1251,2010,Saw 3D
1252,2010,Wall Street: Money Never Sleeps
1253,2010,The Adjustment Bureau
1254,2010,Predators
1255,2010,A Nightmare on Elm Street
1256,2010,Dear John
1257,2010,Cats & Dogs: The Revenge of Kitty Galore
1258,2010,Tooth Fairy
1259,2010,Sanctum
1260,2010,Harmony
1261,2010,Hereafter
1262,2010,Life as We Know It
1263,2010,Let the Bullets Fly
1264,2010,Love & Other Drugs
1265,2010,Aftershock
1266,2010,Umizaru 3: The Last Message
1267,2010,Killers
1268,2010,Kick-Ass
1269,2010,Nanny McPhee Returns
1270,2010,Get Him to the Greek
1271,2010,Burlesque
1272,2010,The Last Song
1273,2010,Dinner for Schmucks
1274,2010,Bayside Shakedown 3: Set the Guys Loose
1275,2010,Marmaduke
1276,2010,Piranha 3D
1277,2010,Oceans
1278,2010,Blades of Blood 2010 Re-release
1279,2010,Edge of Darkness
1280,2010,Vampires Suck
1281,2010,Letters to Juliet
1282,2010,The Back-up Plan
1283,2010,Diary of a Wimpy Kid
1284,2010,If You Are the One 2
1285,2010,Easy A
1286,2010,Hubble
1287,2010,Pokémon: Zoroark: Master of Illusions
1288,2010,A Turtle's Tale: Sammy's Adventures
1289,2010,The Last Exorcism
1290,2010,Takers
1291,2010,Bestseller
1292,2010,Legion
1293,2010,The American
1294,2010,The Next Three Days
1295,2010,Skyline
1296,2010,Hot Tub Time Machine
1297,2010,Elite Squad 2: The Enemy Within
1298,2010,Devil
1299,2010,127 Hours
1300,2010,Why Did I Get Married Too?
1301,2010,The Ghost Writer
1302,2010,Secretariat
1303,2010,Morning Glory
1304,2010,Remember Me
1305,2010,Cop Out
1306,2010,Veda - Atatürk
1307,2010,The Crazies
1308,2010,Little White Lies
1309,2010,From Paris with Love
1310,2010,Detective Dee: The Mystery of the Phantom Flame
1311,2010,Animals United
1312,2010,Daybreakers
1313,2010,Alpha and Omega
1314,2010,The Switch
1315,2010,Space Battleship Yamato
1316,2010,She's Out of My League
1317,2010,How Do You Know
1318,2010,Charlie St. Cloud
1319,2010,Heartbreaker
1320,2011,Harry Potter and the Deathly Hallows: Part 2
1321,2011,Transformers: Dark of the Moon
1322,2011,Pirates of the Caribbean: On Stranger Tides
1323,2011,The Twilight Saga: Breaking Dawn - Part 1
1324,2011,Mission: Impossible - Ghost Protocol
1325,2011,Kung Fu Panda 2
1326,2011,Fast Five
1327,2011,The Hangover Part II
1328,2011,The Smurfs
1329,2011,Cars 2
1330,2011,Puss in Boots
1331,2011,Sherlock Holmes: A Game of Shadows
1332,2011,Rio
1333,2011,Rise of the Planet of the Apes
1334,2011,Thor
1335,2011,The Intouchables
1336,2011,The Adventures of Tintin
1337,2011,Captain America: The First Avenger
1338,2011,X-Men: First Class
1339,2011,Alvin and the Chipmunks: Chipwrecked
1340,2011,Real Steel
1341,2011,Bridesmaids
1342,2011,Super 8
1343,2011,Rango
1344,2011,Green Lantern
1345,2011,The Green Hornet
1346,2011,Immortals
1347,2011,The Help
1348,2011,Bad Teacher
1349,2011,Just Go with It
1350,2011,Battle Los Angeles
1351,2011,Horrible Bosses
1352,2011,Paranormal Activity 3
1353,2011,Gnomeo & Juliet
1354,2011,Mr. Popper's Penguins
1355,2011,The Lion King 2011 3D Release
1356,2011,Hugo
1357,2011,Hop
1358,2011,War Horse
1359,2011,The Descendants
1360,2011,Cowboys & Aliens
1361,2011,In Time
1362,2011,Zookeeper
1363,2011,The Muppets
1364,2011,Limitless
1365,2011,Johnny English Reborn
1366,2011,Happy Feet Two
1367,2011,Final Destination 5
1368,2011,Tower Heist
1369,2011,Midnight in Paris
1370,2011,I Am Number Four
1371,2011,Jack and Jill
1372,2011,Friends with Benefits
1373,2011,No Strings Attached
1374,2011,Arthur Christmas
1375,2011,Source Code
1376,2011,"Crazy, Stupid, Love."
1377,2011,New Year's Eve
1378,2011,Contagion
1379,2011,Unknown
1380,2011,The Artist
1381,2011,The Three Musketeers
1382,2011,We Bought a Zoo
1383,2011,Hankyu Railways - A 15-minute Miracle
1384,2011,Water for Elephants
1385,2011,The Iron Lady
1386,2011,Moneyball
1387,2011,Insidious
1388,2011,Justin Bieber: Never Say Never
1389,2011,Paul
1390,2011,Scream 4
1391,2011,The Rite
1392,2011,Dolphin Tale
1393,2011,Nothing to Declare
1394,2011,Season of the Witch
1395,2011,Red Riding Hood
1396,2011,Sucker Punch
1397,2011,The Inbetweeners
1398,2011,The Lincoln Lawyer
1399,2011,Hall Pass
1400,2011,Spy Kids 4: All the Time in the World
1401,2011,J. Edgar
1402,2011,"Big Mommas: Like Father, Like Son"
1403,2011,Abduction
1404,2011,Tinker Tailor Soldier Spy
1405,2011,Priest
1406,2011,The Ides of March
1407,2011,Drive
1408,2011,The Mechanic
1409,2011,The Change-Up
1410,2011,Larry Crowne
1411,2011,Diary of a Wimpy Kid: Rodrick Rules
1412,2011,The Dilemma
1413,2011,Something Borrowed
1414,2011,The Darkest Hour
1415,2011,Hanna
1416,2011,Footloose Original Release
1417,2011,Conan the Barbarian
1418,2011,Colombiana
1419,2011,From Up on Poppy Hill
1420,2011,What a Beautiful Day
1421,2011,One Day
1422,2011,Beginning of the Great Revival
1423,2011,The Tree of Life
1424,2011,Killer Elite
1425,2011,Tempest 3D
1426,2011,Silent Hill: Revelation
1427,2011,Extremely Loud & Incredibly Close
1428,2011,Madea's Big Happy Family
1429,2011,A Ghost of a Chance
1430,2011,Sunny
1431,2011,War of the Arrows
1432,2011,Kokowääh
1433,2011,Winnie the Pooh
1434,2011,Arthur
1435,2011,Soul Surfer
1436,2011,The Debt
1437,2011,Beastly
1438,2011,Detective Conan: Quarter of Silence
1439,2011,Shaolin
1440,2012,The Avengers
1441,2012,Skyfall
1442,2012,The Dark Knight Rises
1443,2012,The Hobbit: An Unexpected Journey
1444,2012,Ice Age: Continental Drift
1445,2012,The Twilight Saga: Breaking Dawn - Part 2
1446,2012,The Amazing Spider-Man
1447,2012,Madagascar 3: Europe's Most Wanted
1448,2012,The Hunger Games
1449,2012,Men in Black³
1450,2012,Life of Pi
1451,2012,Ted
1452,2012,Brave
1453,2012,Wreck-It Ralph
1454,2012,Les Misérables
1455,2012,Django Unchained
1456,2012,Prometheus
1457,2012,Snow White and the Huntsman
1458,2012,Taken 2
1459,2012,Hotel Transylvania
1460,2012,Titanic 2012 3D Release
1461,2012,The Lorax
1462,2012,Journey 2: The Mysterious Island
1463,2012,The Expendables 2
1464,2012,Rise of the Guardians
1465,2012,Battleship
1466,2012,Wrath of the Titans
1467,2012,John Carter
1468,2012,The Bourne Legacy
1469,2012,Lincoln
1470,2012,We're the Millers
1471,2012,Dark Shadows
1472,2012,Resident Evil: Retribution
1473,2012,Silver Linings Playbook
1474,2012,American Reunion
1475,2012,Argo
1476,2012,Jack Reacher
1477,2012,Safe House
1478,2012,21 Jump Street
1479,2012,Total Recall
1480,2012,The Impossible
1481,2012,Lost in Thailand
1482,2012,The Vow
1483,2012,Mirror Mirror
1484,2012,The Dictator
1485,2012,Looper
1486,2012,Chinese Zodiac
1487,2012,Magic Mike
1488,2012,Flight
1489,2012,Underworld: Awakening
1490,2012,This Means War
1491,2012,Paranormal Activity 4
1492,2012,Step Up Revolution
1493,2012,The Best Exotic Marigold Hotel
1494,2012,The Wind Rises
1495,2012,Last Vegas
1496,2012,Zero Dark Thirty
1497,2012,Ghost Rider: Spirit of Vengeance
1498,2012,Cloud Atlas
1499,2012,The Woman in Black
1500,2012,Chronicle
1501,2012,Walking with Dinosaurs 3D
1502,2012,The Pirates! Band of Misfits
1503,2012,Parental Guidance
1504,2012,Abraham Lincoln: Vampire Hunter
1505,2012,Pitch Perfect
1506,2012,Hope Springs
1507,2012,ParaNorman
1508,2012,The Campaign
1509,2012,Star Wars: Episode I - The Phantom Menace 2012 3D Release
1510,2012,Project X
1511,2012,The Devil Inside
1512,2012,The Lucky One
1513,2012,Contraband
1514,2012,Think Like a Man
1515,2012,Masquerade
1516,2012,Brave Hearts: Umizaru
1517,2012,This Is 40
1518,2012,The Thieves
1519,2012,The Possession
1520,2012,What to Expect When You're Expecting
1521,2012,Savages
1522,2012,Sinister
1523,2012,Act of Valor
1524,2012,Frankenweenie
1525,2012,The Grey
1526,2012,Diary of a Wimpy Kid: Dog Days
1527,2012,Thermae Romae
1528,2012,One Piece Film Z
1529,2012,To Rome with Love
1530,2012,Here Comes the Boom
1531,2012,Bayside Shakedown the Final
1532,2012,The Cabin in the Woods
1533,2012,Finding Nemo 2012 3D Release
1534,2012,Anna Karenina
1535,2012,The Watch
1536,2012,Moonrise Kingdom
1537,2012,The Secret of the Gods
1538,2012,Madea's Witness Protection
1539,2012,Beauty and the Beast 2012 3D Release
1540,2012,Astérix and Obélix: God Save Britannia
1541,2012,Evangelion: 3.0 You Can (Not) Redo
1542,2012,Quartet
1543,2012,Rock of Ages
1544,2012,That's My Boy
1545,2012,The Odd Life of Timothy Green
1546,2012,Lawless
1547,2012,End of Watch
1548,2012,Wolf Children
1549,2012,The Three Stooges
1550,2012,The Five-Year Engagement
1551,2012,Red Dawn
1552,2012,Red Tails
1553,2012,"Monsters, Inc. 2012 3D Release"
1554,2012,HOUBA! On the Trail of the Marsupilami
1555,2012,Tad: The Lost Explorer
1556,2012,A Turtle's Tale 2: Sammy's Escape from Paradise
1557,2012,Trouble with the Curve
1558,2012,Man on a Ledge
1559,2012,A Werewolf Boy
1560,2013,Frozen
1561,2013,Iron Man 3
1562,2013,Despicable Me 2
1563,2013,The Hobbit: The Desolation of Smaug
1564,2013,The Hunger Games: Catching Fire
1565,2013,Fast & Furious 6
1566,2013,Monsters University
1567,2013,Gravity
1568,2013,Man of Steel
1569,2013,Thor: The Dark World
1570,2013,The Croods
1571,2013,World War Z
1572,2013,Oz the Great and Powerful
1573,2013,Star Trek Into Darkness
1574,2013,The Wolverine
1575,2013,Pacific Rim
1576,2013,The Wolf of Wall Street
1577,2013,G.I. Joe: Retaliation
1578,2013,The Hangover Part III
1579,2013,The Great Gatsby
1580,2013,Now You See Me
1581,2013,The Smurfs 2
1582,2013,The Conjuring
1583,2013,A Good Day to Die Hard
1584,2013,Oblivion
1585,2013,Elysium
1586,2013,Turbo
1587,2013,Cloudy with a Chance of Meatballs 2
1588,2013,Epic
1589,2013,The Lone Ranger
1590,2013,American Hustle
1591,2013,Grown Ups 2
1592,2013,After Earth
1593,2013,Planes
1594,2013,The Heat
1595,2013,Hansel & Gretel: Witch Hunters
1596,2013,Captain Phillips
1597,2013,Journey to the West: Conquering the Demons
1598,2013,White House Down
1599,2013,Percy Jackson: Sea of Monsters
1600,2013,Jack the Giant Slayer
1601,2013,The Secret Life of Walter Mitty
1602,2013,12 Years a Slave
1603,2013,The Butler
1604,2013,Identity Thief
1605,2013,Anchorman 2: The Legend Continues
1606,2013,Olympus Has Fallen
1607,2013,Insidious: Chapter 2
1608,2013,Lone Survivor
1609,2013,Jackass Presents: Bad Grandpa
1610,2013,47 Ronin
1611,2013,RED 2
1612,2013,Mama
1613,2013,Escape Plan
1614,2013,2 Guns
1615,2013,This Is the End
1616,2013,Ender's Game
1617,2013,Prisoners
1618,2013,Jurassic Park 2013 Re-release
1619,2013,Saving Mr. Banks
1620,2013,Warm Bodies
1621,2013,Personal Tailor
1622,2013,So Young
1623,2013,Free Birds
1624,2013,Gangster Squad
1625,2013,Instructions Not Included
1626,2013,Philomena
1627,2013,Blue Jasmine
1628,2013,Young Detective Dee: Rise of the Sea Dragon
1629,2013,Riddick
1630,2013,Safe Haven
1631,2013,Evil Dead
1632,2013,42
1633,2013,The Mortal Instruments: City of Bones
1634,2013,Police Story: Lockdown
1635,2013,The Internship
1636,2013,Rush
1637,2013,The Purge
1638,2013,Dhoom 3
1639,2013,Pain & Gain
1640,2013,About Time
1641,2013,American Dreams in China
1642,2013,Snowpiercer
1643,2013,Carrie
1644,2013,Finding Mr. Right
1645,2013,The Fighter Pilot
1646,2013,Miracle in Cell No. 7
1647,2013,The Attorney
1648,2013,The Family
1649,2013,Scary Movie V
1650,2013,R.I.P.D.
1651,2013,Tiny Times
1652,2013,Suck Me Shakespeer
1653,2013,The Book Thief
1654,2013,Escape from Planet Earth
1655,2013,August: Osage County
1656,2013,The Best Man Holiday
1657,2013,The Counselor
1658,2013,Sole a catinelle
1659,2013,The Call
1660,2013,Stalingrad
1661,2013,Thunder and the House of Magic
1662,2013,The Grandmaster
1663,2013,One Direction: This Is Us
1664,2013,Side Effects
1665,2013,Runner Runner
1666,2013,The Face Reader
1667,2013,The Legend of Hercules
1668,2013,Kick-Ass 2
1669,2013,A Haunted House
1670,2013,Beautiful Creatures
1671,2013,Snitch
1672,2013,The Physician
1673,2013,Firestorm
1674,2013,Dallas Buyers Club
1675,2013,A Madea Christmas
1676,2013,Temptation: Confessions of a Marriage Counselor
1677,2013,Delivery Man
1678,2013,The 100 Year-Old Man Who Climbed Out the Window and Disappeared
1679,2013,Dragon Ball Z: Battle of Gods
1680,2014,Transformers: Age of Extinction
1681,2014,The Hobbit: The Battle of the Five Armies
1682,2014,Guardians of the Galaxy
1683,2014,Maleficent
1684,2014,The Hunger Games: Mockingjay - Part 1
1685,2014,X-Men: Days of Future Past
1686,2014,Captain America: The Winter Soldier
1687,2014,Dawn of the Planet of the Apes
1688,2014,The Amazing Spider-Man 2
1689,2014,Interstellar
1690,2014,Big Hero 6
1691,2014,How to Train Your Dragon 2
1692,2014,American Sniper
1693,2014,Godzilla
1694,2014,Rio 2
1695,2014,Teenage Mutant Ninja Turtles
1696,2014,The Lego Movie
1697,2014,Lucy
1698,2014,Penguins of Madagascar
1699,2014,Edge of Tomorrow
1700,2014,Gone Girl
1701,2014,Night at the Museum: Secret of the Tomb
1702,2014,Noah
1703,2014,The Maze Runner
1704,2014,300: Rise of an Empire
1705,2014,22 Jump Street
1706,2014,The Fault in Our Stars
1707,2014,Divergent
1708,2014,Mr. Peabody & Sherman
1709,2014,Neighbors
1710,2014,Exodus: Gods and Kings
1711,2014,Paddington
1712,2014,Annabelle
1713,2014,Hercules
1714,2014,RoboCop
1715,2014,The Imitation Game
1716,2014,Non-Stop
1717,2014,Dracula Untold
1718,2014,The Expendables 3
1719,2014,Into the Woods
1720,2014,Fury
1721,2014,Need for Speed
1722,2014,The Other Woman
1723,2014,The Equalizer
1724,2014,Breakup Buddies
1725,2014,Stand by Me Doraemon
1726,2014,Serial Bad Weddings
1727,2014,The Monkey King: Havoc in Heaven's Palace
1728,2014,The Grand Budapest Hotel
1729,2014,Dumb and Dumber To
1730,2014,Into the Storm
1731,2014,Unbroken
1732,2014,The Monuments Men
1733,2014,Ride Along
1734,2014,Planes: Fire & Rescue
1735,2014,The Taking of Tiger Mountain
1736,2014,The Admiral: Roaring Currents
1737,2014,Let's Be Cops
1738,2014,Annie
1739,2014,Jack Ryan: Shadow Recruit
1740,2014,Blended
1741,2014,Sex Tape
1742,2014,The Theory of Everything
1743,2014,The Nut Job
1744,2014,Pompeii
1745,2014,Seventh Son
1746,2014,The Purge: Anarchy
1747,2014,"Dad, Where Are We Going?"
1748,2014,The Boxtrolls
1749,2014,Horrible Bosses 2
1750,2014,The Breakup Guru
1751,2014,Ouija
1752,2014,Birdman or (The Unexpected Virtue of Ignorance)
1753,2014,Transcendence
1754,2014,Heaven Is for Real
1755,2014,"Alexander and the Terrible, Horrible, No Good, Very Bad Day"
1756,2014,Tammy
1757,2014,PK
1758,2014,The Continent
1759,2014,The Book of Life
1760,2014,Ode to My Father
1761,2014,Fleet of Time
1762,2014,From Vegas to Macau
1763,2014,Paranormal Activity: The Marked Ones
1764,2014,The Hundred-Foot Journey
1765,2014,Deliver Us from Evil
1766,2014,A Million Ways to Die in the West
1767,2014,Step Up All In
1768,2014,John Wick
1769,2014,The Judge
1770,2014,Tiny Times 3.0
1771,2014,Gone with the Bullets
1772,2014,Muppets Most Wanted
1773,2014,Spanish Affair
1774,2014,If I Stay
1775,2014,Head Full of Honey
1776,2014,"I, Frankenstein"
1777,2014,Crimson Peak
1778,2014,My Old Classmate
1779,2014,The Bélier Family
1780,2014,Brick Mansions
1781,2014,Son of God
1782,2014,Think Like a Man Too
1783,2014,Jersey Boys
1784,2014,The Giver
1785,2014,Selma
1786,2014,Beijing Love Story
1787,2014,The House That Never Dies
1788,2014,The Pirates
1789,2014,God's Not Dead
1790,2014,Tinker Bell and the Pirate Fairy
1791,2014,The Inbetweeners 2
1792,2014,Begin Again
1793,2014,The White Haired Witch of Lunar Kingdom
1794,2014,The Walk
1795,2014,Miss Granny
1796,2014,A Walk Among the Tombstones
1797,2014,Dolphin Tale 2
1798,2014,St. Vincent
1799,2014,No Good Deed
1800,2015,Star Wars: Episode VII - The Force Awakens
1801,2015,Jurassic World
1802,2015,Furious 7
1803,2015,Avengers: Age of Ultron
1804,2015,Minions
1805,2015,Spectre
1806,2015,Inside Out
1807,2015,Mission: Impossible - Rogue Nation
1808,2015,The Hunger Games: Mockingjay - Part 2
1809,2015,The Martian
1810,2015,Fifty Shades of Grey
1811,2015,Cinderella
1812,2015,The Revenant
1813,2015,Ant-Man
1814,2015,Hotel Transylvania 2
1815,2015,San Andreas
1816,2015,Terminator Genisys
1817,2015,Kingsman: The Secret Service
1818,2015,Monster Hunt
1819,2015,Home
1820,2015,Mad Max: Fury Road
1821,2015,The Good Dinosaur
1822,2015,Taken 3
1823,2015,The SpongeBob Movie: Sponge Out of Water
1824,2015,Maze Runner: The Scorch Trials
1825,2015,Insurgent
1826,2015,Pitch Perfect 2
1827,2015,Mojin: The Lost Legend
1828,2015,Lost in Hong Kong
1829,2015,The Peanuts Movie
1830,2015,Pixels
1831,2015,Daddy's Home
1832,2015,Spy
1833,2015,Alvin and the Chipmunks: The Road Chip
1834,2015,Goodbye Mr. Loser
1835,2015,Ted 2
1836,2015,Tomorrowland
1837,2015,Everest
1838,2015,Straight Outta Compton
1839,2015,The Intern
1840,2015,Jian Bing Man
1841,2015,Jupiter Ascending
1842,2015,Creed
1843,2015,Bridge of Spies
1844,2015,From Vegas to Macau II
1845,2015,Focus
1846,2015,Goosebumps
1847,2015,Ip Man 3
1848,2015,The Hateful Eight
1849,2015,Monkey King: Hero Is Back
1850,2015,Gods of Egypt
1851,2015,The Last Witch Hunter
1852,2015,Trainwreck
1853,2015,Mr. Six
1854,2015,Point Break
1855,2015,The Big Short
1856,2015,Pan
1857,2015,Detective Chinatown
1858,2015,Wolf Totem
1859,2015,Ride Along 2
1860,2015,Magic Mike XXL
1861,2015,Dragon Blade
1862,2015,Insidious: Chapter 3
1863,2015,Get Hard
1864,2015,The Man from U.N.C.L.E.
1865,2015,The 5th Wave
1866,2015,Paul Blart: Mall Cop 2
1867,2015,Vacation
1868,2015,Chronicles of the Ghostly Tribe
1869,2015,Shaun the Sheep Movie
1870,2015,Sisters
1871,2015,Chappie
1872,2015,Joy
1873,2015,Black Mass
1874,2015,Spotlight
1875,2015,Devil and Angel
1876,2015,The Visit
1877,2015,The Little Prince
1878,2015,Assassination
1879,2015,Poltergeist
1880,2015,Veteran
1881,2015,In the Heart of the Sea
1882,2015,Kill Zone 2
1883,2015,Southpaw
1884,2015,The Second Best Exotic Marigold Hotel
1885,2015,Paper Towns
1886,2015,Sicario
1887,2015,Our Times
1888,2015,Suck Me Shakespeer 2
1889,2015,Hitman: Agent 47
1890,2015,Wolf Warrior
1891,2015,Go Away Mr. Tumor
1892,2015,The Wedding Ringer
1893,2015,Paranormal Activity: The Ghost Dimension
1894,2015,The Left Ear
1895,2015,Tiny Times 4.0
1896,2015,Bajrangi Bhaijaan
1897,2015,War Room
1898,2015,The Transporter Refueled
1899,2015,Run All Night
1900,2015,13 Hours
1901,2015,Running Man
1902,2015,A Violent Prosecutor
1903,2015,The Age of Adaline
1904,2015,Monk Comes Down the Mountain
1905,2015,Zhongkui: Snow Girl and the Dark Crystal
1906,2015,The Danish Girl
1907,2015,The Boy
1908,2015,The Hundred Regiments Offensive
1909,2015,The Longest Ride
1910,2015,Unfriended
1911,2015,Brooklyn
1912,2015,Dragon Ball Z: Resurrection 'F'
1913,2015,Woman in Gold
1914,2015,Krampus
1915,2015,The Perfect Guy
1916,2015,Forever Young
1917,2015,You Are My Sunshine
1918,2015,No Escape
1919,2015,Sinister 2
1920,2016,Captain America: Civil War
1921,2016,Rogue One: A Star Wars Story
1922,2016,Finding Dory
1923,2016,Zootopia
1924,2016,The Jungle Book
1925,2016,The Secret Life of Pets
1926,2016,Batman v Superman: Dawn of Justice
1927,2016,Fantastic Beasts and Where to Find Them
1928,2016,Deadpool
1929,2016,Suicide Squad
1930,2016,Doctor Strange
1931,2016,Moana
1932,2016,Sing
1933,2016,The Mermaid
1934,2016,X-Men: Apocalypse
1935,2016,Kung Fu Panda 3
1936,2016,La La Land
1937,2016,Warcraft
1938,2016,Jason Bourne
1939,2016,Ice Age: Collision Course
1940,2016,Independence Day: Resurgence
1941,2016,Your Name.
1942,2016,The Legend of Tarzan
1943,2016,The Angry Birds Movie
1944,2016,Trolls
1945,2016,Star Trek Beyond
1946,2016,The Great Wall
1947,2016,Now You See Me 2
1948,2016,The Conjuring 2
1949,2016,Resident Evil: The Final Chapter
1950,2016,Dangal
1951,2016,Passengers
1952,2016,Alice Through the Looking Glass
1953,2016,Miss Peregrine's Home for Peculiar Children
1954,2016,Teenage Mutant Ninja Turtles: Out of the Shadows
1955,2016,Sully
1956,2016,Assassin's Creed
1957,2016,Hidden Figures
1958,2016,Ghostbusters
1959,2016,Inferno
1960,2016,Central Intelligence
1961,2016,Bridget Jones's Baby
1962,2016,Me Before You
1963,2016,London Has Fallen
1964,2016,Arrival
1965,2016,The BFG
1966,2016,The Monkey King 2
1967,2016,Bad Moms
1968,2016,Storks
1969,2016,From Vegas to Macau III
1970,2016,Hacksaw Ridge
1971,2016,Allegiant
1972,2016,Operation Mekong
1973,2016,The Girl on the Train
1974,2016,The Huntsman: Winter's War
1975,2016,The Magnificent Seven
1976,2016,Jack Reacher: Never Go Back
1977,2016,Don't Breathe
1978,2016,The Accountant
1979,2016,Lights Out
1980,2016,Time Raiders
1981,2016,Pete's Dragon
1982,2016,Sausage Party
1983,2016,Lion
1984,2016,Skiptrace
1985,2016,Mechanic: Resurrection
1986,2016,Deepwater Horizon
1987,2016,Allied
1988,2016,I Belonged to You
1989,2016,The Shallows
1990,2016,The Purge: Election Year
1991,2016,Why Him?
1992,2016,Book of Love
1993,2016,Office Christmas Party
1994,2016,How to Be Single
1995,2016,10 Cloverfield Lane
1996,2016,Neighbors 2: Sorority Rising
1997,2016,Cold War 2
1998,2016,Railroad Tigers
1999,2016,Some Like It Hot
2000,2016,Dirty Grandpa
2001,2016,Ben-Hur
2002,2016,Money Monster
2003,2016,Train to Busan
2004,2016,My Big Fat Greek Wedding 2
2005,2016,Collateral Beauty
2006,2016,Line Walker
2007,2016,Sultan
2008,2016,War Dogs
2009,2016,Big Fish & Begonia
2010,2016,Nerve
2011,2016,Leap!
2012,2016,Ouija: Origin of Evil
2013,2016,Underworld: Blood Wars
2014,2016,Manchester by the Sea
2015,2016,The Boss
2016,2016,Shin Godzilla
2017,2016,Mike and Dave Need Wedding Dates
2018,2016,Kubo and the Two Strings
2019,2016,Quo vado?
2020,2016,Boo! A Madea Halloween
2021,2016,Miracles from Heaven
2022,2016,The Nice Guys
2023,2016,I Am Not Madame Bovary
2024,2016,See You Tomorrow
2025,2016,One Piece Film: Gold
2026,2016,Moonlight
2027,2016,Monster Trucks
2028,2016,Fences
2029,2016,"Hail, Caesar!"
2030,2016,Chongqing Hot Pot
2031,2016,L.O.R.D: Legend of Ravaging Dynasties
2032,2016,Nine Lives
2033,2016,Zoolander 2
2034,2016,Barbershop: The Next Cut
2035,2016,The Age of Shadows
2036,2016,A Chinese Odyssey: Part Three
2037,2016,Tunnel
2038,2016,Patriots Day
2039,2016,My Beloved Bodyguard
2040,2017,Star Wars: Episode VIII - The Last Jedi
2041,2017,Beauty and the Beast
2042,2017,The Fate of the Furious
2043,2017,Despicable Me 3
2044,2017,Jumanji: Welcome to the Jungle
2045,2017,Spider-Man: Homecoming
2046,2017,Wolf Warrior 2
2047,2017,Guardians of the Galaxy Vol. 2
2048,2017,Thor: Ragnarok
2049,2017,Wonder Woman
2050,2017,Coco
2051,2017,Pirates of the Caribbean: Dead Men Tell No Tales
2052,2017,It
2053,2017,Justice League
2054,2017,Logan
2055,2017,Transformers: The Last Knight
2056,2017,Kong: Skull Island
2057,2017,The Boss Baby
2058,2017,Dunkirk
2059,2017,War for the Planet of the Apes
2060,2017,The Greatest Showman
2061,2017,Kingsman: The Golden Circle
2062,2017,The Mummy
2063,2017,Cars 3
2064,2017,Fifty Shades Darker
2065,2017,Murder on the Orient Express
2066,2017,xXx: Return of Xander Cage
2067,2017,Never Say Die
2068,2017,The Lego Batman Movie
2069,2017,The Ex-File 3: Return of the Exes
2070,2017,Annabelle: Creation
2071,2017,Wonder
2072,2017,Ferdinand
2073,2017,Split
2074,2017,Blade Runner 2049
2075,2017,Kung Fu Yoga
2076,2017,Get Out
2077,2017,Baahubali 2: The Conclusion
2078,2017,Journey to the West: The Demons Strike Back
2079,2017,Alien: Covenant
2080,2017,Paddington 2
2081,2017,Youth
2082,2017,Baby Driver
2083,2017,Valerian and the City of a Thousand Planets
2084,2017,Geostorm
2085,2017,The Emoji Movie
2086,2017,A Dog's Purpose
2087,2017,Smurfs: The Lost Village
2088,2017,The Shape of Water
2089,2017,Pitch Perfect 3
2090,2017,The Hitman's Bodyguard
2091,2017,Daddy's Home 2
2092,2017,The Post
2093,2017,Baywatch
2094,2017,John Wick: Chapter 2
2095,2017,Ghost in the Shell
2096,2017,"Three Billboards Outside Ebbing, Missouri"
2097,2017,Duckweed
2098,2017,Darkest Hour
2099,2017,King Arthur: Legend of the Sword
2100,2017,The Foreigner
2101,2017,Power Rangers
2102,2017,Girls Trip
2103,2017,American Made
2104,2017,A Bad Moms Christmas
2105,2017,Happy Death Day
2106,2017,Captain Underpants: The First Epic Movie
2107,2017,The Lego Ninjago Movie
2108,2017,Secret Superstar
2109,2017,The Commuter
2110,2017,The Dark Tower
2111,2017,Buddies in India
2112,2017,Along With the Gods: The Two Worlds
2113,2017,Immortal Demon Slayer
2114,2017,Jigsaw
2115,2017,Life
2116,2017,Atomic Blonde
2117,2017,Legend of the Demon Cat
2118,2017,The Shack
2119,2017,Chasing the Dragon
2120,2017,Tiger Zinda Hai
2121,2017,A Taxi Driver
2122,2017,Going in Style
2123,2017,Rings
2124,2017,Once Upon A Time
2125,2017,Paradox
2126,2017,Lady Bird
2127,2017,Fantastica: A Boonie Bears Adventure
2128,2017,The Nut Job 2: Nutty by Nature
2129,2017,American Assassin
2130,2017,Victoria & Abdul
2131,2017,Suck Me Shakespeer 3
2132,2017,Detective Conan: Crimson Love Letter
2133,2017,The Mountain Between Us
2134,2017,The Star
2135,2017,How to Be a Latin Lover
2136,2017,47 Meters Down
2137,2017,"Everything, Everything"
2138,2017,Doraemon: Great Adventure in the Antarctic Kachi Kochi
2139,2017,Snatched
2140,2017,The Founding of an Army
2141,2017,My Little Pony: The Movie
2142,2017,Molly's Game
2143,2017,The Devotion of Suspect X
2144,2017,Shock Wave
2145,2017,Goldbuster
2146,2017,All the Money in the World
2147,2017,The Big Sick
2148,2017,Confidential Assignment
2149,2017,All Eyez on Me
2150,2017,Downsizing
2151,2017,"I, Tonya"
2152,2017,1987: When the Day Comes
2153,2017,The Outlaws
2154,2017,Bleeding Steel
2155,2017,Logan Lucky
2156,2017,Boo 2! A Madea Halloween
2157,2017,Sky Hunter
2158,2017,Phantom Thread
2159,2017,Rough Night
2160,2018,Avengers: Infinity War
2161,2018,Black Panther
2162,2018,Jurassic World: Fallen Kingdom
2163,2018,Incredibles 2
2164,2018,Aquaman
2165,2018,Bohemian Rhapsody
2166,2018,Venom
2167,2018,Mission: Impossible - Fallout
2168,2018,Deadpool 2
2169,2018,Fantastic Beasts: The Crimes of Grindelwald
2170,2018,Ant-Man and the Wasp
2171,2018,Ready Player One
2172,2018,Operation Red Sea
2173,2018,Detective Chinatown 2
2174,2018,Ralph Breaks the Internet
2175,2018,The Meg
2176,2018,Hotel Transylvania 3: Summer Vacation
2177,2018,The Grinch
2178,2018,Bumblebee
2179,2018,Dying to Survive
2180,2018,A Star Is Born
2181,2018,Rampage
2182,2018,Mamma Mia! Here We Go Again
2183,2018,Solo: A Star Wars Story
2184,2018,Spider-Man: Into the Spider-Verse
2185,2018,Fifty Shades Freed
2186,2018,Hello Mr. Billionaire
2187,2018,The Nun
2188,2018,Monster Hunt 2
2189,2018,Peter Rabbit
2190,2018,Mary Poppins Returns
2191,2018,A Quiet Place
2192,2018,Green Book
2193,2018,Skyscraper
2194,2018,Ocean's Eight
2195,2018,Pacific Rim: Uprising
2196,2018,Maze Runner: The Death Cure
2197,2018,Tomb Raider
2198,2018,Crazy Rich Asians
2199,2018,Smallfoot
2200,2018,Creed II
2201,2018,Us and Them
2202,2018,Christopher Robin
2203,2018,The Equalizer 2
2204,2018,Project Gutenberg
2205,2018,The Mule
2206,2018,The Nutcracker and the Four Realms
2207,2018,Insidious: The Last Key
2208,2018,The Predator
2209,2018,Johnny English Strikes Again
2210,2018,Red Sparrow
2211,2018,More Than Blue
2212,2018,The First Purge
2213,2018,How Long Will I Love U
2214,2018,A Wrinkle in Time
2215,2018,The House with a Clock in Its Walls
2216,2018,Instant Family
2217,2018,A Cool Fish
2218,2018,Game Night
2219,2018,Dragon Ball Super: Broly
2220,2018,The Monkey King 3
2221,2018,First Man
2222,2018,Book Club
2223,2018,Night School
2224,2018,Detective Conan: Zero the Enforcer
2225,2018,Along With the Gods: The Last 49 Days
2226,2018,A Simple Favor
2227,2018,Alpha
2228,2018,Boonie Bears: The Big Shrink
2229,2018,The Favourite
2230,2018,Truth or Dare
2231,2018,Kill Mobile
2232,2018,I Feel Pretty
2233,2018,Blockers
2234,2018,BlacKkKlansman
2235,2018,Goosebumps 2: Haunted Halloween
2236,2018,Shadow
2237,2018,Overboard
2238,2018,Sherlock Gnomes
2239,2018,Detective Dee: The Four Heavenly Kings
2240,2018,"Hello, Mrs. Money"
2241,2018,I Can Only Imagine
2242,2018,Hidden Man
2243,2018,Mortal Engines
2244,2018,iPartment the Movie
2245,2018,Doraemon the Movie: Nobita's Treasure Island
2246,2018,Den of Thieves
2247,2018,Hereditary
2248,2018,Code Blue: The Movie
2249,2018,Tag
2250,2018,Sanju
2251,2018,Vice
2252,2018,Widows
2253,2018,Sicario: Day of the Soldado
2254,2018,Searching
2255,2018,The Spy Who Dumped Me
2256,2018,Animal World
2257,2018,Amazing China
2258,2018,Second Act
2259,2018,Spirited Away 2018 Re-release
2260,2018,Shoplifters
2261,2018,12 Strong
2262,2018,"Love, Simon"
2263,2018,Mile 22
2264,2018,Life of the Party
2265,2018,L Storm
2266,2018,Capernaum
2267,2018,Isle of Dogs
2268,2018,Andhadhun
2269,2018,Adrift
2270,2018,The 15:17 to Paris
2271,2018,A or B
2272,2018,Go Brother!
2273,2018,Early Man
2274,2018,Peppermint
2275,2018,Teen Titans GO! To the Movies
2276,2018,Slender Man
2277,2018,Breaking In
2278,2018,Cry Me a Sad River
2279,2018,Once Upon a Deadpool 2018 Re-release
2280,2019,Avengers: Endgame
2281,2019,The Lion King
2282,2019,Frozen II
2283,2019,Spider-Man: Far from Home
2284,2019,Captain Marvel
2285,2019,Joker
2286,2019,Star Wars: Episode IX - The Rise of Skywalker
2287,2019,Toy Story 4
2288,2019,Aladdin
2289,2019,Jumanji: The Next Level
2290,2019,Fast & Furious Presents: Hobbs & Shaw
2291,2019,Ne Zha
2292,2019,The Wandering Earth
2293,2019,How to Train Your Dragon: The Hidden World
2294,2019,Maleficent: Mistress of Evil
2295,2019,It: Chapter Two
2296,2019,"My People, My Country"
2297,2019,Pokémon: Detective Pikachu
2298,2019,The Secret Life of Pets 2
2299,2019,The Captain
2300,2019,Alita: Battle Angel
2301,2019,Godzilla: King of the Monsters
2302,2019,1917
2303,2019,Once Upon a Time... in Hollywood
2304,2019,Shazam!
2305,2019,Dumbo
2306,2019,John Wick: Chapter 3 - Parabellum
2307,2019,Crazy Alien
2308,2019,Knives Out
2309,2019,Terminator: Dark Fate
2310,2019,Parasite
2311,2019,Us
2312,2019,Pegasus
2313,2019,Men in Black: International
2314,2019,X-Men: Dark Phoenix
2315,2019,Glass
2316,2019,The Bravest
2317,2019,Annabelle Comes Home
2318,2019,Better Days
2319,2019,Ford v Ferrari
2320,2019,Little Women
2321,2019,The Addams Family
2322,2019,Rocketman
2323,2019,Downton Abbey
2324,2019,Weathering with You
2325,2019,The Lego Movie 2: The Second Part
2326,2019,Sheep Without a Shepherd
2327,2019,The White Storm 2: Drug Lords
2328,2019,Abominable
2329,2019,Ip Man 4: The Finale
2330,2019,Gemini Man
2331,2019,Spies in Disguise
2332,2019,Hustlers
2333,2019,The Climbers
2334,2019,Escape Room
2335,2019,Yesterday
2336,2019,The Angry Birds Movie 2
2337,2019,Angel Has Fallen
2338,2019,Ad Astra
2339,2019,Midway
2340,2019,The Upside
2341,2019,Last Christmas
2342,2019,The Curse of La Llorona
2343,2019,Looking Up
2344,2019,Zombieland: Double Tap
2345,2019,Dora and the Lost City of Gold
2346,2019,Extreme Job
2347,2019,Wonder Park
2348,2019,P Storm
2349,2019,Detective Conan: The Fist of Blue Sapphire
2350,2019,The Gentlemen
2351,2019,Pet Sematary
2352,2019,Boonie Bears: Blast Into the Past
2353,2019,Good Boys
2354,2019,Scary Stories to Tell in the Dark
2355,2019,Line Walker 2: Invisible Spy
2356,2019,The Hustle
2357,2019,The New King of Comedy
2358,2019,Adoring
2359,2019,Five Feet Apart
2360,2019,Crawl
2361,2019,Rambo: Last Blood
2362,2019,Jojo Rabbit
2363,2019,Serial (Bad) Weddings 2
2364,2019,One Piece: Stampede
2365,2019,A Dog's Way Home
2366,2019,A Dog's Journey
2367,2019,Cold Pursuit
2368,2019,Cats
2369,2019,A Madea Family Funeral
2370,2019,Doctor Sleep
2371,2019,What Men Want
2372,2019,Exit
2373,2019,After
2374,2019,Playing with Fire
2375,2019,A Beautiful Day in the Neighborhood
2376,2019,Doraemon: Nobita's Chronicle of the Moon Exploration
2377,2019,Happy Death Day 2U
2378,2019,White Snake
2379,2019,Bombshell
2380,2019,Ashfall
2381,2019,Ma
2382,2019,My Best Summer
2383,2019,Ready or Not
2384,2019,Jade Dynasty
2385,2019,The Perfect Secret
2386,2019,The Big Shot
2387,2019,Long Shot
2388,2019,Just Mercy
2389,2019,Son of a Rich
2390,2019,Kingdom
2391,2019,Breakthrough
2392,2019,Uncut Gems
2393,2019,21 Bridges
2394,2019,Song of Youth
2395,2019,Little
2396,2019,Isn't It Romantic
2397,2019,The Legend of Hei
2398,2019,Countdown
2399,2019,Midsommar
2400,2020,Demon Slayer: Kimetsu no Yaiba - The Movie: Mugen Train
2401,2020,The Eight Hundred
2402,2020,Bad Boys for Life
2403,2020,"My People, My Homeland"
2404,2020,Tenet
2405,2020,Sonic the Hedgehog
2406,2020,Dolittle
2407,2020,Jiang Ziya
2408,2020,A Little Red Flower
2409,2020,The Croods: A New Age
2410,2020,Birds of Prey and the Fantabulous Emancipation of One Harley Quinn
2411,2020,Shock Wave 2
2412,2020,Wonder Woman 1984
2413,2020,The Sacrifice
2414,2020,The Invisible Man
2415,2020,Onward
2416,2020,Warm Hug
2417,2020,Soul
2418,2020,The Call of the Wild
2419,2020,Caught in Time
2420,2020,Mulan
2421,2020,The Yin-Yang Master: Dream of Eternity
2422,2020,Stand by Me Doraemon 2
2423,2020,The Rescue
2424,2020,Love You Forever
2425,2020,Greenland
2426,2020,Tolo Tolo
2427,2020,Vanguard
2428,2020,Fantasy Island
2429,2020,Trolls World Tour
2430,2020,The New Mutants
2431,2020,After We Collided
2432,2020,"From Today, It's My Turn: The Movie"
2433,2020,Tanhaji: The Unsung Warrior
2434,2020,Unhinged
2435,2020,The End of Endless Love
2436,2020,The War with Grandpa
2437,2020,Peninsula
2438,2020,Monster Hunter
2439,2020,Underwater
2440,2020,Bloodshot
2441,2020,Sarileru Neekevvaru
2442,2020,The Untold Tale of the Three Kingdoms
2443,2020,The Confidence Man JP: Princess
2444,2020,The Man Standing Next
2445,2020,My Mom is a Character 3
2446,2020,Doraemon the Movie: Nobita's New Dinosaur
2447,2020,Harry Potter and the Sorcerer's Stone 2020 Re-release
2448,2020,Honest Thief
2449,2020,Like a Boss
2450,2020,The Witches
2451,2020,Bath Buddy
2452,2020,Scoob!
2453,2020,Ala Vaikunthapurramuloo
2454,2020,Emma.
2455,2020,Leap
2456,2020,The Father
2457,2020,Poupelle of Chimney Town
2458,2020,Gretel & Hansel
2459,2020,Stigmatized Properties
2460,2020,Pokémon the Movie: Secrets of the Jungle
2461,2020,The Photograph
2462,2020,Threads - Our Tapestry of Love
2463,2020,Brahms: The Boy II
2464,2020,Violet Evergarden: The Movie
2465,2020,Interstellar 2020 Re-release
2466,2020,Ice 2
2467,2020,Soul Snatcher
2468,2020,The Turning
2469,2020,Fate/stay night [Heaven's Feel] III. spring song
2470,2020,Promising Young Woman
2471,2020,Takizawa Enbujo Zero
2472,2020,Freaky
2473,2020,The Promised Neverland
2474,2020,Kaiji: Final Game
2475,2020,Hitman: Agent Jun
2476,2020,Digimon Adventure: Last Evolution Kizuna
2477,2020,Bye Bye Morons
2478,2020,Baaghi 3
2479,2020,I Still Believe
2480,2020,The Way Back
2481,2020,Father There is Only One 2
2482,2020,The Personal History of David Copperfield
2483,2020,Nightlife
2484,2020,Pawn
2485,2020,The Post 2020 Re-release
2486,2020,#Alive
2487,2020,Howling Village
2488,2020,Come Play
2489,2020,Samjin Company English Class
2490,2020,Another Round
2491,2020,News of the World
2492,2020,Collectors
2493,2020,Ducobu 3
2494,2020,Shinchan: Crash! Scribble Kingdom and Almost Four Heroes
2495,2020,The Asadas
2496,2020,Wotakoi: Love Is Hard for Otaku
2497,2020,Bigfoot Family
2498,2020,30 jours max
2499,2020,The Voice of Sin
2500,2020,Two by Two: Overboard!
2501,2020,Let Him Go
2502,2020,One Second
2503,2020,Me contro Te - Il film: La vendetta del Signor S
2504,2020,Impractical Jokers: The Movie
2505,2020,Honest Candidate
2506,2020,The Hunt
2507,2020,Street Dancer 3D
2508,2020,My Spy
2509,2020,100% Wolf
2510,2020,Stolen Identity 2
2511,2020,Inception 10th Anniversary re-release
2512,2020,10 Days with Dad
2513,2020,Secret Zoo
2514,2020,365 Days
2515,2020,Okay Madam
2516,2020,L'appel de la forêt
2517,2020,Malasaña 32
2518,2020,Break the Silence: The Movie
2519,2020,I Hate Summer
2520,2021,Spider-Man: No Way Home
2521,2021,The Battle at Lake Changjin
2522,2021,"Hi, Mom"
2523,2021,No Time to Die
2524,2021,F9: The Fast Saga
2525,2021,Detective Chinatown 3
2526,2021,Venom: Let There Be Carnage
2527,2021,Godzilla vs. Kong
2528,2021,Shang-Chi and the Legend of the Ten Rings
2529,2021,Sing 2
2530,2021,Dune: Part One
2531,2021,Eternals
2532,2021,Black Widow
2533,2021,Free Guy
2534,2021,A Quiet Place Part II
2535,2021,Encanto
2536,2021,Cruella
2537,2021,"My Country, My Parents"
2538,2021,Jungle Cruise
2539,2021,The Conjuring: The Devil Made Me Do It
2540,2021,Raging Fire
2541,2021,Ghostbusters: Afterlife
2542,2021,Chinese Doctors
2543,2021,Cliff Walkers
2544,2021,The Suicide Squad
2545,2021,Jujutsu Kaisen 0
2546,2021,Space Jam: A New Legacy
2547,2021,The Matrix Resurrections
2548,2021,Peter Rabbit 2: The Runaway
2549,2021,House of Gucci
2550,2021,A Writer's Odyssey
2551,2021,The Boss Baby 2: Family Business
2552,2021,PAW Patrol: The Movie
2553,2021,Tom & Jerry
2554,2021,Be Somebody
2555,2021,Halloween Kills
2556,2021,Raya and the Last Dragon
2557,2021,Sister
2558,2021,The King's Man
2559,2021,The Addams Family 2
2560,2021,My Love
2561,2021,Clifford the Big Red Dog
2562,2021,Wrath of Man
2563,2021,Detective Conan: The Scarlet Bullet
2564,2021,Evangelion: 3.0+1.01 Thrice Upon a Time
2565,2021,End Game
2566,2021,Old
2567,2021,Mortal Kombat
2568,2021,Boonie Bears: The Wild Life
2569,2021,Candyman
2570,2021,The Forever Purge
2571,2021,West Side Story
2572,2021,1921
2573,2021,Hitman's Wife's Bodyguard
2574,2021,Escape Room: Tournament of Champions
2575,2021,Belle
2576,2021,Ron's Gone Wrong
2577,2021,Cloudy Mountain
2578,2021,Avatar 2021 Re-release
2579,2021,Nobody
2580,2021,New Gods: Nezha Reborn
2581,2021,Upcoming
2582,2021,Don't Breathe 2
2583,2021,Man in Love
2584,2021,Break Through the Darkness
2585,2021,Schemes in Antiques
2586,2021,Luca
2587,2021,Belfast
2588,2021,My Hero Academia: World Heroes' Mission
2589,2021,The French Dispatch
2590,2021,In the Heights
2591,2021,Love Will Tear Us Apart
2592,2021,Spirit Untamed
2593,2021,Resident Evil: Welcome to Raccoon City
2594,2021,Spiral
2595,2021,Snake Eyes
2596,2021,Tokyo Revengers
2597,2021,Nightmare Alley
2598,2021,King Richard
2599,2021,Nomadland
2600,2021,Arashi Anniversary Tour 5 x 20 Film: Record of Memories
2601,2021,The Yinyang Master
2602,2021,Rurouni Kenshin: Final Chapter Part I - The Final
2603,2021,The Door Lock
2604,2021,We Made a Beautiful Bouquet
2605,2021,Malignant
2606,2021,Licorice Pizza
2607,2021,Respect
2608,2021,Big Red Envelope
2609,2021,Masquerade Night
2610,2021,Once Upon a Time in Hong Kong
2611,2021,Home Sweet Home
2612,2021,The Little Things
2613,2021,The Unholy
2614,2021,The Last Duel
2615,2021,Escape from Mogadishu
2616,2021,Master
2617,2021,The Last Warrior: Root of Evil
2618,2021,The Last Warrior: A Messenger of Darkness
2619,2021,American Underdog
2620,2021,Chaos Walking
2621,2021,The Courier
2622,2021,Spencer
2623,2021,Parallel Mothers
2624,2021,The Marksman
2625,2021,99.9 Criminal Lawyer: The Movie
2626,2021,Last Night in Soho
2627,2021,The Day We Lit Up the Sky
2628,2021,School of Magical Animals
2629,2021,Kaamelott: First Installment
2630,2021,After We Fell
2631,2021,Begin Again 2020 Re-release
2632,2021,Rurouni Kenshin: Final Chapter Part II - The Beginning
2633,2021,Crayon Shin-chan: Shrouded in Mystery! The Flowers of Tenkazu Academy
2634,2021,Wish Dragon
2635,2021,Stillwater
2636,2021,The Wolf and the Lion
2637,2021,Les Tuche 4
2638,2021,Dear Evan Hansen
2639,2021,Those Who Wish Me Dead
2640,2022,Avatar: The Way of Water
2641,2022,Top Gun: Maverick
2642,2022,Jurassic World: Dominion
2643,2022,Doctor Strange in the Multiverse of Madness
2644,2022,Minions: The Rise of Gru
2645,2022,Black Panther: Wakanda Forever
2646,2022,The Batman
2647,2022,Thor: Love and Thunder
2648,2022,Water Gate Bridge
2649,2022,Puss in Boots: The Last Wish
2650,2022,Moon Man
2651,2022,Fantastic Beasts: The Secrets of Dumbledore
2652,2022,Uncharted
2653,2022,Sonic the Hedgehog 2
2654,2022,Black Adam
2655,2022,Elvis
2656,2022,The Bad Guys
2657,2022,The First Slam Dunk
2658,2022,Bullet Train
2659,2022,Lightyear
2660,2022,Suzume
2661,2022,Smile
2662,2022,Too Cool to Kill
2663,2022,Nice View
2664,2022,DC League of Super-Pets
2665,2022,The Lost City
2666,2022,M3GAN
2667,2022,One Piece Film: Red
2668,2022,Nope
2669,2022,Ticket to Paradise
2670,2022,Morbius
2671,2022,RRR
2672,2022,The Black Phone
2673,2022,Where the Crawdads Sing
2674,2022,Everything Everywhere All at Once
2675,2022,Scream
2676,2022,Death on the Nile
2677,2022,A Man Called Otto
2678,2022,"Lyle, Lyle, Crocodile"
2679,2022,Halloween Ends
2680,2022,The Roundup
2681,2022,The Woman King
2682,2022,Downton Abbey: A New Era
2683,2022,K.G.F: Chapter 2
2684,2022,Don't Worry Darling
2685,2022,Dragon Ball Super: Super Hero
2686,2022,Dog
2687,2022,Jackass Forever
2688,2022,The Menu
2689,2022,Chebi: My Fluffy Friend
2690,2022,Avatar 2022  Re-release
2691,2022,Violent Night
2692,2022,Strange World
2693,2022,Detective Conan: The Bride of Halloween
2694,2022,The Northman
2695,2022,Moonfall
2696,2022,Babylon
2697,2022,Whitney Houston: I Wanna Dance with Somebody
2698,2022,Beast
2699,2022,The Whale
2700,2022,Hansan: Rising Dragon
2701,2022,Confidential Assignment 2: International
2702,2022,Ambulance
2703,2022,Marry Me
2704,2022,The Banshees of Inisherin
2705,2022,Brahmastra Part One: Shiva
2706,2022,The Fabelmans
2707,2022,Barbarian
2708,2022,Prey for the Devil
2709,2022,Paws of Fury: The Legend of Hank
2710,2022,The Invitation
2711,2022,Matilda: The Musical
2712,2022,Orphan: First Kill
2713,2022,Kingdom 2: Far and Away
2714,2022,The Bob's Burgers Movie
2715,2022,Hunt
2716,2022,Tad the Lost Explorer and the Emerald Tablet
2717,2022,BTS Permission to Dance on Stage - Seoul: Live Viewing
2718,2022,Shin Ultraman
2719,2022,Amsterdam
2720,2022,Mrs. Harris Goes to Paris
2721,2022,Vikram
2722,2022,Tár
2723,2022,The Unbearable Weight of Massive Talent
2724,2022,Serial (Bad) Weddings 3
2725,2022,The 355
2726,2022,The Last 10 Years
2727,2022,The Night Owl
2728,2022,Triangle of Sadness
2729,2022,The Kashmir Files
2730,2022,Demon Slayer: Kimetsu no Yaiba - Tsuzumi Mansion Arc
2731,2022,The Confidence Man JP: Episode of the Hero
2732,2022,The Witch: Part 2 - The Other One
2733,2022,6/45
2734,2022,Doraemon the Movie: Nobita's Little Star Wars 2021
2735,2022,See How They Run
2736,2022,Ponniyin Selvan: Part I
2737,2022,Devotion
2738,2022,Silent Parade
2739,2022,Decision to Leave
2740,2022,Father Stu
2741,2022,Turning Red
2742,2022,Emergency Declaration
2743,2022,The Amazing Maurice
2744,2022,Crayon Shin-chan: Mononoke Ninja Chinpuden
2745,2022,Three Thousand Years of Longing
2746,2022,School of Magical Animals 2
2747,2022,After Ever Happy
2748,2022,Simone: Woman of the Century
2749,2022,Broker
2750,2022,Godfather
2751,2022,November
2752,2022,Bhool Bhulaiyaa 2
2753,2022,Fall
2754,2022,Fragments of the Last Will
2755,2022,Even If This Love Disappears from the World Tonight
2756,2022,Wonderfully Beautiful
2757,2022,Father There Is Only One 3
2758,2022,Dr. Coto's Clinic
2759,2022,Radhe Shyam
2760,2023,Barbie
2761,2023,The Super Mario Bros. Movie
2762,2023,Oppenheimer
2763,2023,Guardians of the Galaxy Vol. 3
2764,2023,Fast X
2765,2023,Spider-Man: Across the Spider-Verse
2766,2023,Full River Red
2767,2023,Wonka
2768,2023,The Wandering Earth II
2769,2023,Mission: Impossible - Dead Reckoning Part One
2770,2023,The Little Mermaid
2771,2023,No More Bets
2772,2023,Elemental
2773,2023,Lost in the Stars
2774,2023,Ant-Man and the Wasp: Quantumania
2775,2023,John Wick: Chapter 4
2776,2023,Transformers: Rise of the Beasts
2777,2023,Aquaman and the Lost Kingdom
2778,2023,Meg 2: The Trench
2779,2023,Indiana Jones and the Dial of Destiny
2780,2023,Creation of the Gods I: Kingdom of Storms
2781,2023,The Hunger Games: The Ballad of Songbirds & Snakes
2782,2023,Never Say Never
2783,2023,Migration
2784,2023,Five Nights at Freddy's
2785,2023,The Boy and the Heron
2786,2023,Creed III
2787,2023,The Flash
2788,2023,The Nun II
2789,2023,Taylor Swift: The Eras Tour
2790,2023,Wish
2791,2023,Sound of Freedom
2792,2023,Chang An
2793,2023,Napoleon
2794,2023,Anyone But You
2795,2023,Boonie Bears: Guardian Code
2796,2023,Trolls Band Together
2797,2023,The Marvels
2798,2023,Dungeons & Dragons: Honor Among Thieves
2799,2023,PAW Patrol: The Mighty Movie
2800,2023,The Equalizer 3
2801,2023,Under the Light
2802,2023,Insidious: The Red Door
2803,2023,Teenage Mutant Ninja Turtles: Mutant Mayhem
2804,2023,Scream VI
2805,2023,Godspeed
2806,2023,Johnny Keep Walking!
2807,2023,Killers of the Flower Moon
2808,2023,Evil Dead Rise
2809,2023,The Ex-Files 4: Marriage Plan
2810,2023,Hidden Blade
2811,2023,The Exorcist: Believer
2812,2023,Shazam! Fury of the Gods
2813,2023,Blue Beetle
2814,2023,One and Only
2815,2023,A Haunting in Venice
2816,2023,Gran Turismo
2817,2023,The Volunteers: To the War
2818,2023,Poor Things
2819,2023,Haunted Mansion
2820,2023,Born to Fly
2821,2023,Godzilla Minus One
2822,2023,Saw X
2823,2023,Pathaan
2824,2023,Detective Conan: Black Iron Submarine
2825,2023,The Creator
2826,2023,12.12: The Day
2827,2023,Animal
2828,2023,Talk to Me
2829,2023,Air
2830,2023,Cocaine Bear
2831,2023,No Hard Feelings
2832,2023,The Roundup: No Way Out
2833,2023,The Pope's Exorcist
2834,2023,Plane
2835,2023,Titanic 25 Year Anniversary
2836,2023,The Color Purple
2837,2023,The Boogeyman
2838,2023,65
2839,2023,Spy x Family Code: White
2840,2023,Magic Mike's Last Dance
2841,2023,Demon Slayer: Kimetsu No Yaiba - To the Swordsmith Village
2842,2023,One Life
2843,2023,The Boys in the Boat
2844,2023,Knock at the Cabin
2845,2023,Mummies
2846,2023,Jesus Revolution
2847,2023,Asteroid City
2848,2023,The Zone of Interest
2849,2023,There's Still Tomorrow
2850,2023,Operation Fortune: Ruse de Guerre
2851,2023,Missing
2852,2023,Thanksgiving
2853,2023,Asterix & Obelix: The Middle Kingdom
2854,2023,The Holdovers
2855,2023,Ruby Gillman: Teenage Kraken
2856,2023,The Iron Claw
2857,2023,Son of a Rich 2
2858,2023,Renaissance: A Film by Beyoncé
2859,2023,Ferrari
2860,2023,Past Lives
2861,2023,80 for Brady
2862,2023,"Miraculous: Ladybug & Cat Noir, the Movie"
2863,2023,The Bremen Town Musicians
2864,2023,My Big Fat Greek Wedding 3
2865,2023,The Expendables 4
2866,2023,Doraemon the Movie: Nobita's Sky Utopia
2867,2023,Smugglers
2868,2023,Kingdom 3: The Flame of Destiny
2869,2023,Ride On
2870,2023,Strays
2871,2023,Anatomy of a Fall
2872,2023,Noryang: Deadly Sea
2873,2023,Alibi.com 2
2874,2023,Priscilla
2875,2023,Don't Call it Mystery: The Movie
2876,2023,The Three Musketeers - Part I: D'Artagnan
2877,2023,Tokyo MER
2878,2023,Concrete Utopia
2879,2023,BTS: Yet to Come in Cinemas
2880,2024,Inside Out 2
2881,2024,Deadpool & Wolverine
2882,2024,Moana 2
2883,2024,Despicable Me 4
2884,2024,Wicked
2885,2024,Mufasa: The Lion King
2886,2024,Dune: Part Two
2887,2024,Godzilla x Kong: The New Empire
2888,2024,Kung Fu Panda 4
2889,2024,Sonic the Hedgehog 3
2890,2024,Venom: The Last Dance
2891,2024,Gladiator II
2892,2024,Beetlejuice Beetlejuice
2893,2024,Yolo
2894,2024,Pegasus 2
2895,2024,Successor
2896,2024,Bad Boys: Ride or Die
2897,2024,Kingdom of the Planet of the Apes
2898,2024,Twisters
2899,2024,It Ends with Us
2900,2024,Alien: Romulus
2901,2024,The Wild Robot
2902,2024,Article 20
2903,2024,A Quiet Place: Day One
2904,2024,Boonie Bears: Time Twist
2905,2024,The Garfield Movie
2906,2024,Joker: Folie à Deux
2907,2024,Ghostbusters: Frozen Empire
2908,2024,IF
2909,2024,Red One
2910,2024,Nosferatu
2911,2024,The Fall Guy
2912,2024,Bob Marley: One Love
2913,2024,Furiosa: A Mad Max Saga
2914,2024,A Place Called Silence
2915,2024,Paddington in Peru
2916,2024,The Beekeeper
2917,2024,Pushpa: The Rule - Part 2
2918,2024,The Volunteers: The Battle of Life and Death
2919,2024,A Complete Unknown
2920,2024,Smile 2
2921,2024,Transformers One
2922,2024,Longlegs
2923,2024,Conclave
2924,2024,Civil War
2925,2024,Kalki 2898 AD
2926,2024,Detective Conan: The Million-Dollar Pentagram
2927,2024,Madame Web
2928,2024,Haikyu!! The Dumpster Battle
2929,2024,Argylle
2930,2024,Challengers
2931,2024,Exhuma
2932,2024,Terrifier 3
2933,2024,A Little Something Extra
2934,2024,Trap
2935,2024,The Roundup: Punishment
2936,2024,The Count of Monte-Cristo
2937,2024,The Substance
2938,2024,Speak No Evil
2939,2024,Babygirl
2940,2024,Kraven the Hunter
2941,2024,Heretic
2942,2024,We Live in Time
2943,2024,Anora
2944,2024,Night Swim
2945,2024,Kingdom 4: Return of the Great General
2946,2024,The First Omen
2947,2024,"I, the Executioner"
2948,2024,Coraline 15th Anniversary
2949,2024,Back to Black
2950,2024,The Brutalist
2951,2024,Tarot
2952,2024,The Strangers: Chapter 1
2953,2024,Blink Twice
2954,2024,Demon Slayer: Kimetsu No Yaiba - To the Hashira Training
2955,2024,Imaginary
2956,2024,Abigail
2957,2024,Fly Me to the Moon
2958,2024,Arthur the King
2959,2024,The Forge
2960,2024,The Best Christmas Pageant Ever
2961,2024,Cells at Work!
2962,2024,Horizon: An American Saga - Chapter 1
2963,2024,Interstellar 2024 Re-release
2964,2024,Beating Hearts
2965,2024,The Bikeriders
2966,2024,I'm Still Here
2967,2024,Mobile Suit Gundam SEED Freedom
2968,2024,Immaculate
2969,2024,Monkey Man
2970,2024,Harbin
2971,2024,Doraemon the Movie: Nobita's Earth Symphony
2972,2024,The Watchers
2973,2024,Borderlands
2974,2024,Harold and the Purple Crayon
2975,2024,My Hero Academia: You're Next
2976,2024,A Strange House
2977,2024,Pilot
2978,2024,Flow
2979,2024,Finist. The First Warrior
2980,2024,Reagan
2981,2024,The Ministry of Ungentlemanly Warfare
2982,2024,The Dark Knight Rises 2024 Re-release
2983,2024,Chantal in Fairyland
2984,2024,The Master and Margarita
2985,2024,Juror #2
2986,2024,Wicked Little Letters
2987,2024,The Marching Band
2988,2024,School of Magical Animals 3
2989,2024,Grand Maison Paris
2990,2024,Maria
2991,2024,The Firefighters
2992,2024,A Real Pain
2993,2024,Lee
2994,2024,Crayon Shin-chan: Our Dinosaur Diary
2995,2024,The Crow
2996,2024,"Hello, Love, Again"
2997,2024,Better Man
2998,2024,Nintama Rantaro Dokutake Ninja-tai Saikyou no Gunshi
2999,2024,MaXXXine
3000,2025,Ne Zha 2
3001,2025,A Minecraft Movie
3002,2025,Jurassic World: Rebirth
3003,2025,F1: The Movie
3004,2025,Superman
3005,2025,Mission: Impossible - The Final Reckoning
3006,2025,Demon Slayer: Kimetsu no Yaiba- The Movie - Infinity Castle
3007,2025,The Fantastic Four: First Steps
3008,2025,The Conjuring: Last Rites
3009,2025,Captain America: Brave New World
3010,2025,Thunderbolts*
3011,2025,Sinners
3012,2025,Final Destination: Bloodlines
3013,2025,Weapons
3014,2025,The Bad Guys 2
3015,2025,Snow White
3016,2025,Elio
3017,2025,Freakier Friday
3018,2025,28 Years Later
3019,2025,Dog Man
3020,2025,Bridget Jones: Mad About the Boy
3021,2025,Ballerina
3022,2025,Mickey 17
3023,2025,Smurfs
3024,2025,Karate Kid: Legends
3025,2025,Detective Conan: One-Eyed Flashback
3026,2025,The Accountant 2
3027,2025,Kokuho
3028,2025,The Naked Gun
3029,2025,Materialists
3030,2025,The Amateur
3031,2025,A Working Man
3032,2025,Downton Abbey: The Grand Finale
3033,2025,The King of Kings
3034,2025,One Battle After Another
3035,2025,The Monkey
3036,2025,I Know What You Did Last Summer
3037,2025,Den of Thieves: Pantera
3038,2025,Star Wars: Episode III - Revenge of the Sith 20th anniversary
3039,2025,Until Dawn
3040,2025,One of Them Days
3041,2025,Manitou's Canoe
3042,2025,Flight Risk
3043,2025,The Roses
3044,2025,The Ballad of Wallis Island
3045,2025,Black Bag
3046,2025,The Long Walk
3047,2025,The Wizard of the Emerald City
3048,2025,The Phoenician Scheme
3049,2025,Nobody 2
3050,2025,Bring Her Back
3051,2025,M3GAN 2.0
3052,2025,My Daughter Is a Zombie
3053,2025,Companion
3054,2025,Novocaine
3055,2025,Wolf Man
3056,2025,Tokyo Mer the Movie: Nankai Mission
3057,2025,Warfare
3058,2025,Heart Eyes
3059,2025,Together
3060,2025,The Exit 8
3061,2025,Caught Stealing
3062,2025,Drop
3063,2025,Red Rain
3064,2025,The Chosen: Last Supper
3065,2025,Last Breath
3066,2025,Yadang: The Snitch
3067,2025,Chainsaw Man - The Movie: Reze Arc
3068,2025,The Woman in the Yard
3069,2025,God Save the Tuche
3070,2025,Him
3071,2025,Gabby's Dollhouse: The Movie
3072,2025,Madly
3073,2025,The Salt Path
3074,2025,Batya 2. Ded
3075,2025,Hamilton 2025 Re-release
3076,2025,The Poet
3077,2025,1st Kiss
3078,2025,The Life of Chuck
3079,2025,KPop Demon Hunters
3080,2025,Hitman 2
3081,2025,Love Hurts
3082,2025,Demon Slayer: Kimetsu no Yaiba - The Movie: Mugen Train 2025 Re-release
3083,2025,366 Nichi
3084,2025,Friendship
3085,2025,Death of a Unicorn
3086,2025,Jaws 2025 Re-release (50th Anniversary)
3087,2025,Crayon Shin-chan the Movie: Super Hot! The Spicy Kasukabe Dancers
3088,2025,Father There is Only One 5
3089,2025,The Last Rodeo
3090,2025,The Match
3091,2025,A Big Bold Beautiful Journey
3092,2025,Wunderschöner
3093,2025,High Five
3094,2025,The Penguin Lessons
3095,2025,Kraken
3096,2025,Clown in a Cornfield
3097,2025,The 4 Rascals
3098,2025,Eddington
3099,2025,Shinso wo Ohanashi Shimasu
3100,2025,Saiyaara
3101,2025,The Three Investigators and the Carpathian Dog
3102,2025,Becoming Led Zeppelin
3103,2025,The Chosen: Woes/The Chosen: The Same Coin/The Chosen: Because of Me
3104,2025,The Chosen: Reunions/The Chosen: The Upper Room Part I/The Chosen: The Upper Room Part II
3105,2025,Colorful Stage! The Movie: A Miku Who Can't Sing
3106,2025,Dracula: A Love Tale
3107,2025,Noise
3108,2025,Once Upon My Mother
3109,2025,Dark Nuns
3110,2025,Uta No Prince-Sama: Maji Love Taboo Night Xxxx
3111,2025,Trillion Game
3112,2025,Hypnosis Mic - Division Rap Battle
3113,2025,Black Showman
3114,2025,Dollhouse
3115,2025,How to Make a Killing
3116,2025,About a Place in the Kinki Region
3117,2025,Doraemon: Nobita's Art World Tales
3118,2025,Presence
3119,2025,Toy Story 2025 Re-release
